table,create_table_ddl
cal_acoms.accommodations,"CREATE TABLE [cal_acoms].[accommodations] (

  [accommodation_id] int IDENTITY(1,1) NOT NULL,
  [accommodation_name] varchar(300) NOT NULL,
  [accommodation_name1] varchar(300) NOT NULL,
  [long_description] varchar(MAX) NULL,
  [classroom] varchar(10) NULL,
  [exam] varchar(10) NULL,
  [assignment] varchar(10) NULL,
  [url] varchar(500) NULL
,  CONSTRAINT [PK__accommod__004EC325563FEEB7] PRIMARY KEY CLUSTERED ([accommodation_id] ASC)
);"
cal_acoms.advisors,"CREATE TABLE [cal_acoms].[advisors] (

  [advisors_table_id] int IDENTITY(1,1) NOT NULL,
  [advisor_id] varchar(100) NOT NULL,
  [name] varchar(200) NOT NULL,
  [email_address] varchar(255) NULL
,  CONSTRAINT [PK__advisors__BE4588A589091EAA] PRIMARY KEY CLUSTERED ([advisors_table_id] ASC)
);"
cal_acoms.course_netlinks,"CREATE TABLE [cal_acoms].[course_netlinks] (

  [course_netlink_id] int IDENTITY(1,1) NOT NULL,
  [term_code] varchar(100) NOT NULL,
  [subject_code] varchar(100) NOT NULL,
  [course_number] varchar(100) NOT NULL,
  [section_number] varchar(100) NOT NULL,
  [netlink_id] varchar(20) NOT NULL,
  [classroom] varchar(10) NULL,
  [exam] varchar(10) NULL,
  [assignment] varchar(10) NULL
,  CONSTRAINT [PK__course_n__35A0ED911E795AAB] PRIMARY KEY CLUSTERED ([course_netlink_id] ASC)
);"
cal_acoms.letter_accommodations,"CREATE TABLE [cal_acoms].[letter_accommodations] (

  [letter_accommodation_id] int IDENTITY(1,1) NOT NULL,
  [term_code] varchar(100) NOT NULL,
  [subject_code] varchar(100) NOT NULL,
  [course_number] varchar(100) NOT NULL,
  [section_number] varchar(100) NOT NULL,
  [student_number] varchar(100) NOT NULL,
  [accommodation_name] varchar(100) NOT NULL,
  [accommodation_value] varchar(MAX) NULL
,  CONSTRAINT [PK__letter_a__DE8D6B59B13ECF67] PRIMARY KEY CLUSTERED ([letter_accommodation_id] ASC)
);"
cal_acoms.letters,"CREATE TABLE [cal_acoms].[letters] (

  [letter_id] int IDENTITY(1,1) NOT NULL,
  [term_code] varchar(100) NOT NULL,
  [subject_code] varchar(100) NOT NULL,
  [course_number] varchar(100) NOT NULL,
  [section_number] varchar(100) NOT NULL,
  [student_number] varchar(100) NOT NULL,
  [enrolled] varchar(100) NOT NULL,
  [released] datetime2(7) NULL,
  [acknowledged] varchar(100) NOT NULL,
  [url] varchar(500) NULL
,  CONSTRAINT [PK__letters__A6F3C31C0C930750] PRIMARY KEY CLUSTERED ([letter_id] ASC)
);"
cal_acoms.student_advisors,"CREATE TABLE [cal_acoms].[student_advisors] (

  [student_advisor_id] int IDENTITY(1,1) NOT NULL,
  [advisor_id] varchar(100) NOT NULL,
  [spriden_id] varchar(100) NOT NULL,
  [netlink] varchar(50) NULL
,  CONSTRAINT [PK__student___A2BAB4A31AA35AE3] PRIMARY KEY CLUSTERED ([student_advisor_id] ASC)
);"
dbo._tempAppCount,"CREATE TABLE [dbo].[_tempAppCount] (

  [personid] int NULL,
  [AppointmentID] int NOT NULL,
  [AppTypeID] int NOT NULL,
  [startdate] datetime NOT NULL,
  [enddate] datetime NOT NULL
);"
dbo.AccommodationEmailsSent,"CREATE TABLE [dbo].[AccommodationEmailsSent] (

  [sentid] int IDENTITY(1,1) NOT NULL,
  [personid] int NOT NULL CONSTRAINT [DF__Accommoda__perso__6A30C649] DEFAULT ((0)),
  [lucourseid] int NOT NULL CONSTRAINT [DF__Accommoda__lucou__6B24EA82] DEFAULT ((0)),
  [datesent] datetime NULL CONSTRAINT [DF__Accommoda__dates__6C190EBB] DEFAULT (getdate()),
  [emailsto] varchar(2500) NOT NULL CONSTRAINT [DF__Accommoda__email__6D0D32F4] DEFAULT (''),
  [templateused] int NOT NULL CONSTRAINT [DF__Accommoda__templ__6E01572D] DEFAULT ((0))
,  CONSTRAINT [PK__Accommod__CAA4912514D4020B] PRIMARY KEY CLUSTERED ([sentid] ASC)
);"
dbo.AccommodationEmailsSentProf,"CREATE TABLE [dbo].[AccommodationEmailsSentProf] (

  [sentid] int IDENTITY(1,1) NOT NULL,
  [coursestartdate] datetime NULL,
  [courseenddate] datetime NULL,
  [datesent] datetime NULL CONSTRAINT [DF__Accommoda__dates__787EE5A0] DEFAULT (getdate()),
  [emailsto] varchar(2500) NOT NULL CONSTRAINT [DF__Accommoda__email__797309D9] DEFAULT (''),
  [templateused] int NOT NULL CONSTRAINT [DF__Accommoda__templ__7A672E12] DEFAULT ((0)),
  [subject] varchar(250) NULL,
  [course] varchar(250) NULL
,  CONSTRAINT [PK__Accommod__CAA4912595EACC72] PRIMARY KEY CLUSTERED ([sentid] ASC)
);"
dbo.accommodationletteroutpending,"CREATE TABLE [dbo].[accommodationletteroutpending] (

  [accommodationletteroutpendingid] int IDENTITY(1,1) NOT NULL,
  [entrydatetime] datetime NOT NULL CONSTRAINT [DF__accommoda__entry__613C58EC] DEFAULT (getdate()),
  [whoentered] int NULL CONSTRAINT [DF__accommoda__whoen__62307D25] DEFAULT (NULL),
  [personid] int NOT NULL,
  [lucourseid] int NULL CONSTRAINT [DF__accommoda__lucou__6324A15E] DEFAULT (NULL),
  [note] varbinary(8000) NULL CONSTRAINT [DF__accommodat__note__6418C597] DEFAULT (NULL),
  [isactive] bit NOT NULL CONSTRAINT [DF__accommoda__isact__650CE9D0] DEFAULT ((1)),
  [requiresnewlettertobesent] bit NOT NULL CONSTRAINT [DF__accommoda__requi__66010E09] DEFAULT ((1))
,  CONSTRAINT [PK__accommod__9CB888795A8521C0] PRIMARY KEY CLUSTERED ([accommodationletteroutpendingid] ASC)
);"
dbo.AccommodationLettersBatchSent,"CREATE TABLE [dbo].[AccommodationLettersBatchSent] (

  [personid] int NOT NULL,
  [lucourseid] int NOT NULL,
  [datesent] datetime NOT NULL CONSTRAINT [DF__Accommoda__dates__66760F55] DEFAULT (getdate()),
  [to] varchar(8000) NOT NULL CONSTRAINT [DF__Accommodatio__to__676A338E] DEFAULT ('')
);"
dbo.accommodationloaissued,"CREATE TABLE [dbo].[accommodationloaissued] (

  [accommodationloaissuedid] int IDENTITY(1,1) NOT NULL,
  [personid] int NOT NULL,
  [lucourseid] int NULL CONSTRAINT [DF__accommoda__lucou__0C26B6F1] DEFAULT (NULL),
  [datetimeissued] datetime NOT NULL CONSTRAINT [DF__accommoda__datet__0D1ADB2A] DEFAULT (getdate()),
  [whoissued] int NULL CONSTRAINT [DF__accommoda__whois__0E0EFF63] DEFAULT (NULL),
  [issuedmethod] int NOT NULL CONSTRAINT [DF__accommoda__issue__0F03239C] DEFAULT ((0)),
  [loa] image NULL CONSTRAINT [DF__accommodati__loa__0FF747D5] DEFAULT (NULL)
,  CONSTRAINT [PK__accommod__DB9EF2515C26385B] PRIMARY KEY CLUSTERED ([accommodationloaissuedid] ASC)
);"
dbo.Accommodations,"CREATE TABLE [dbo].[Accommodations] (

  [AccommodationID] int IDENTITY(1,1) NOT NULL,
  [ControlID] int NOT NULL CONSTRAINT [DF__Accommoda__Contr__278EDA44] DEFAULT ((-1)),
  [longDescription] varchar(2000) NOT NULL CONSTRAINT [DF__Accommoda__longD__2882FE7D] DEFAULT (''),
  [shortCode] varchar(25) NOT NULL CONSTRAINT [DF__Accommoda__short__297722B6] DEFAULT (''),
  [showOnLetter] int NOT NULL CONSTRAINT [DF__Accommoda__showO__2A6B46EF] DEFAULT ((1)),
  [showOnEmail] int NOT NULL CONSTRAINT [DF__Accommoda__showO__2B5F6B28] DEFAULT ((1)),
  [extraTime] bit NOT NULL CONSTRAINT [DF__Accommoda__extra__2C538F61] DEFAULT ((0)),
  [isAlone] bit NOT NULL CONSTRAINT [DF__Accommoda__isAlo__2D47B39A] DEFAULT ((0)),
  [needsComputer] bit NOT NULL CONSTRAINT [DF__Accommoda__needs__2E3BD7D3] DEFAULT ((0)),
  [needsReaderScribe] bit NOT NULL CONSTRAINT [DF__Accommoda__needs__2F2FFC0C] DEFAULT ((0)),
  [availableInAllRooms] bit NOT NULL CONSTRAINT [DF__Accommoda__avail__30242045] DEFAULT ((1)),
  [groupID] int NOT NULL CONSTRAINT [DF__Accommoda__group__3118447E] DEFAULT ((0)),
  [isGroup] bit NOT NULL CONSTRAINT [DF__Accommoda__isGro__320C68B7] DEFAULT ((0)),
  [tapedExams] bit NOT NULL CONSTRAINT [DF__Accommoda__taped__33008CF0] DEFAULT ((0)),
  [other] bit NOT NULL CONSTRAINT [DF__Accommoda__other__33F4B129] DEFAULT ((0)),
  [enlarged] bit NOT NULL CONSTRAINT [DF__Accommoda__enlar__34E8D562] DEFAULT ((0)),
  [showOnReport] int NOT NULL CONSTRAINT [DF__Accommoda__showO__35DCF99B] DEFAULT ((0))
,  CONSTRAINT [PK_Accommodations] PRIMARY KEY CLUSTERED ([AccommodationID] ASC)
);"
dbo.AccommodationsApproval,"CREATE TABLE [dbo].[AccommodationsApproval] (

  [AccommodationsApprovalId] int IDENTITY(1,1) NOT NULL,
  [personid] int NOT NULL,
  [controlid] int NOT NULL,
  [lucourseid] int NOT NULL CONSTRAINT [DF__Accommoda__lucou__70B3A6A6] DEFAULT ((0)),
  [newint] int NULL CONSTRAINT [DF__Accommoda__newin__71A7CADF] DEFAULT (NULL),
  [newdatetime] datetime NULL CONSTRAINT [DF__Accommoda__newda__729BEF18] DEFAULT (NULL),
  [newbytes] varbinary(8000) NULL CONSTRAINT [DF__Accommoda__newby__73901351] DEFAULT (NULL),
  [newimage] image NULL CONSTRAINT [DF__Accommoda__newim__7484378A] DEFAULT (NULL),
  [status] int NOT NULL CONSTRAINT [DF__Accommoda__statu__75785BC3] DEFAULT ((1)),
  [whoentered] int NOT NULL,
  [dateentered] datetime NOT NULL CONSTRAINT [DF__Accommoda__datee__766C7FFC] DEFAULT (getdate()),
  [isactive] bit NOT NULL CONSTRAINT [DF__Accommoda__isact__7760A435] DEFAULT ((1)),
  [requiresapproval] bit NOT NULL CONSTRAINT [DF__Accommoda__requi__7854C86E] DEFAULT ((0)),
  [approvedstatus] int NOT NULL CONSTRAINT [DF__Accommoda__appro__7948ECA7] DEFAULT ((0)),
  [approvedby] int NULL CONSTRAINT [DF__Accommoda__appro__7A3D10E0] DEFAULT (NULL),
  [approveddate] datetime NULL CONSTRAINT [DF__Accommoda__appro__7B313519] DEFAULT (NULL)
,  CONSTRAINT [PK__Accommod__A3F75E1AD50A31F3] PRIMARY KEY CLUSTERED ([AccommodationsApprovalId] ASC)
);"
dbo.AccommodationsApprovalNotes,"CREATE TABLE [dbo].[AccommodationsApprovalNotes] (

  [dataid] int IDENTITY(1,1) NOT NULL,
  [personid] int NOT NULL,
  [whoentered] int NULL CONSTRAINT [DF__Accommoda__whoen__40CF895A] DEFAULT (NULL),
  [dateentered] datetime NOT NULL CONSTRAINT [DF__Accommoda__datee__41C3AD93] DEFAULT (getdate()),
  [controlvalue] image NOT NULL
,  CONSTRAINT [PK__Accommod__DCFAFD6AB813C696] PRIMARY KEY CLUSTERED ([dataid] ASC,[personid] ASC)
);"
dbo.AccommodationsRooms,"CREATE TABLE [dbo].[AccommodationsRooms] (

  [AccommodationRoomID] int IDENTITY(1,1) NOT NULL,
  [AccommodationID] int NOT NULL CONSTRAINT [DF_AccommodationsRooms_AccommodationID] DEFAULT ((-1)),
  [personID] int NOT NULL CONSTRAINT [DF_AccommodationsRooms_personID] DEFAULT ((-1)),
  [isActive] bit NOT NULL CONSTRAINT [DF_AccommodationsRooms_isActive] DEFAULT ((1))
,  CONSTRAINT [PK_AccommodationsRooms] PRIMARY KEY CLUSTERED ([AccommodationRoomID] ASC)
);"
dbo.AccommodationsTest,"CREATE TABLE [dbo].[AccommodationsTest] (

  [ExamId] int NOT NULL,
  [personid] int NOT NULL,
  [controlid] int NOT NULL,
  [whoselected] int NULL CONSTRAINT [DF__Accommoda__whose__59662CFA] DEFAULT (NULL),
  [datemodified] datetime NOT NULL CONSTRAINT [DF__Accommoda__datem__5A5A5133] DEFAULT (getdate()),
  [AppointmentId] int NULL CONSTRAINT [DF__Accommoda__Appoi__2B354DF6] DEFAULT (NULL),
  [valbytes] varbinary(8000) NULL CONSTRAINT [DF__Accommoda__valby__2C29722F] DEFAULT (NULL),
  [valint] int NULL CONSTRAINT [DF__Accommoda__valin__2D1D9668] DEFAULT (NULL),
  [valdate] datetime NULL CONSTRAINT [DF__Accommoda__valda__2E11BAA1] DEFAULT (NULL)
);"
dbo.AlternativeFormat_Archive_MediaJob,"CREATE TABLE [dbo].[AlternativeFormat_Archive_MediaJob] (

  [MediaJobID] int NOT NULL,
  [JobTitle] varchar(500) NOT NULL CONSTRAINT [DF_AlternativeFormat_Archive_MediaJob_JobTitle] DEFAULT (''),
  [JobStartTime] datetime NOT NULL,
  [JobEndTime] datetime NOT NULL CONSTRAINT [DF_AlternativeFormat_Archive_MediaJob_JobEndTime] DEFAULT (getdate()),
  [JobDueDate] datetime NOT NULL,
  [AssignedTo] int NOT NULL CONSTRAINT [DF_AlternativeFormat_Archive_MediaJob_AssignedTo] DEFAULT ((0)),
  [IsCompleted] bit NOT NULL CONSTRAINT [DF_AlternativeFormat_MediaJobArchive_IsCompleted] DEFAULT ((0)),
  [IsCancelled] bit NOT NULL CONSTRAINT [DF_AlternativeFormat_MediaJobArchive_IsCancelled] DEFAULT ((0)),
  [FKMediaContentPerFormatID] int NOT NULL,
  [General_JobActiveStatusName] varchar(250) NOT NULL CONSTRAINT [DF_AlternativeFormat_Archive_MediaJob_General_JobActiveStatusName] DEFAULT (''),
  [WhoCreatedJobId] int NOT NULL CONSTRAINT [DF_AlternativeFormat_Archive_MediaJob_WhoCreatedJobId] DEFAULT ((0)),
  [JobPriority] int NOT NULL CONSTRAINT [DF_AlternativeFormat_Archive_MediaJob_JobPriority] DEFAULT ((0)),
  [CampusId] int NULL,
  [ArchivedOn] datetime NOT NULL CONSTRAINT [DF__Alternati__Archi__789FAC88] DEFAULT (getdate()),
  [Notes] varchar(MAX) NOT NULL CONSTRAINT [DF__Alternati__Notes__7993D0C1] DEFAULT (''),
  [WhoMadeChange] int NOT NULL CONSTRAINT [DF__Alternati__WhoMa__7A87F4FA] DEFAULT ((0)),
  [StartPageIndex] int NOT NULL CONSTRAINT [DF__Alternati__Start__332153D8] DEFAULT ((0)),
  [EndPageIndex] int NOT NULL CONSTRAINT [DF__Alternati__EndPa__34157811] DEFAULT ((0))
,  CONSTRAINT [PK_AlternativeFormat_Archive_MediaJob] PRIMARY KEY CLUSTERED ([MediaJobID] ASC)
);"
dbo.AlternativeFormat_Archive_MediaJob_x_MediaJobStatus,"CREATE TABLE [dbo].[AlternativeFormat_Archive_MediaJob_x_MediaJobStatus] (

  [MediaJobStatusArchiveID] int IDENTITY(1,1) NOT NULL,
  [MediaJobID] int NOT NULL,
  [MediaJobStatusName] varchar(2000) NOT NULL CONSTRAINT [DF_AlternativeFormat_MediaJobStatus_MediaJobStatus] DEFAULT (''),
  [MediaJobStatusGroupName] varchar(250) NOT NULL CONSTRAINT [DF_AlternativeFormat_Archive_MediaJob_x_MediaJobStatus_MediaJobStatusGroupName] DEFAULT ('GeneralActionStatus'),
  [StartStatusDateTime] datetime NOT NULL CONSTRAINT [DF_AlternativeFormat_Archive_MediaJob_x_MediaJobStatus_StartStatusDateTime] DEFAULT (getdate()),
  [EndStatusDateTime] datetime NULL,
  [WhoChangedStatusId] int NOT NULL CONSTRAINT [DF_AlternativeFormat_Archive_MediaJob_x_MediaJobStatus_WhoChangedStatusId] DEFAULT ((0)),
  [StatusChangedNotes] varchar(MAX) NOT NULL CONSTRAINT [DF_AlternativeFormat_Archive_MediaJob_x_MediaJobStatus_StatusChangedNotes] DEFAULT ('')
,  CONSTRAINT [PK_AlternativeFormat_MediaJobStateArchive] PRIMARY KEY CLUSTERED ([MediaJobStatusArchiveID] ASC)
);"
dbo.AlternativeFormat_Archive_StudentMediaRequestDetail,"CREATE TABLE [dbo].[AlternativeFormat_Archive_StudentMediaRequestDetail] (

  [StudentMediaRequestDetailId] int NOT NULL,
  [FKStudentMediaRequestID] int NOT NULL,
  [Status] varchar(100) NOT NULL CONSTRAINT [DF_AlternativeFormat_Archive_StudentMediaRequestDetail_Status] DEFAULT (''),
  [FKMediaContentPerFormatId] int NULL,
  [IsApproved] bit NOT NULL CONSTRAINT [DF_AlternativeFormat_Archive_StudentMediaRequestDetail_IsApproved] DEFAULT ((0)),
  [FKMediaContentID] uniqueidentifier NOT NULL,
  [AvailableStartTime] datetime NULL,
  [AvailableEndTime] datetime NULL,
  [IsCompleted] bit NOT NULL CONSTRAINT [DF_AlternativeFormat_Archive_StudentMediaRequestDetail_IsCompleted] DEFAULT ((0)),
  [FKMediaJobId] int NOT NULL CONSTRAINT [DF_AlternativeFormat_Archive_StudentMediaRequestDetail_FKMediaJobId] DEFAULT ((0)),
  [FKProofOfPurchaseID] int NULL CONSTRAINT [DF_AlternativeFormat_Archive_StudentMediaRequestDetail_AvailableProofOfPurchase] DEFAULT ((0)),
  [WhoModified] int NOT NULL CONSTRAINT [DF_AlternativeFormat_Archive_StudentMediaRequestDetail_WhoModified] DEFAULT ((0)),
  [CreatedDateTime] datetime NOT NULL CONSTRAINT [DF_AlternativeFormat_Archive_StudentMediaRequestDetail_CreatedDateTime] DEFAULT (getdate()),
  [CompletedDateTime] datetime NULL,
  [IsCancelled] bit NOT NULL CONSTRAINT [DF_AlternativeFormat_Archive_StudentMediaRequestDetail_IsCancelled] DEFAULT ((0)),
  [CompletionNotes] varchar(8000) NULL,
  [StudentPreferredFormat] varchar(100) NULL
,  CONSTRAINT [PK_AlternativeFormat_Archive_StudentMediaRequestDetail] PRIMARY KEY CLUSTERED ([StudentMediaRequestDetailId] ASC)
);"
dbo.AlternativeFormat_Cancelled_MediaJob,"CREATE TABLE [dbo].[AlternativeFormat_Cancelled_MediaJob] (

  [MediaJobID] int NOT NULL,
  [JobTitle] varchar(500) NOT NULL CONSTRAINT [DF_AlternativeFormat_Cancelled_MediaJob_JobTitle] DEFAULT (''),
  [JobStartTime] datetime NOT NULL,
  [CancelledOn] datetime NOT NULL CONSTRAINT [DF_AlternativeFormat_Cancelled_MediaJob_CancelledOn] DEFAULT (getdate()),
  [JobDueDate] datetime NOT NULL,
  [AssignedTo] int NOT NULL CONSTRAINT [DF_AlternativeFormat_Cancelled_MediaJob_AssignedTo] DEFAULT ((0)),
  [FKMediaContentPerFormatID] int NOT NULL,
  [WhoCreatedJobId] int NOT NULL CONSTRAINT [DF_AlternativeFormat_Cancelled_MediaJob_WhoCreatedJobId] DEFAULT ((0)),
  [JobPriority] int NOT NULL CONSTRAINT [DF_AlternativeFormat_Cancelled_MediaJob_JobPriority] DEFAULT ((0)),
  [CampusId] int NULL,
  [ArchivedOn] datetime NOT NULL CONSTRAINT [DF_AlternativeFormat_Cancelled_MediaJob_ArchivedOn] DEFAULT (getdate()),
  [CancellationNotes] varchar(MAX) NOT NULL CONSTRAINT [DF_AlternativeFormat_Cancelled_MediaJob_CancellationNotes] DEFAULT (''),
  [CancelledBy] int NOT NULL CONSTRAINT [DF_AlternativeFormat_Cancelled_MediaJob_CancelledBy] DEFAULT ((0)),
  [StartPageIndex] int NOT NULL CONSTRAINT [DF__Alternati__Start__552C5319] DEFAULT ((0)),
  [EndPageIndex] int NOT NULL CONSTRAINT [DF__Alternati__EndPa__56207752] DEFAULT ((0))
,  CONSTRAINT [PK_AlternativeFormat_Cancelled_MediaJob] PRIMARY KEY CLUSTERED ([MediaJobID] ASC)
);"
dbo.AlternativeFormat_Completed_MediaJob,"CREATE TABLE [dbo].[AlternativeFormat_Completed_MediaJob] (

  [MediaJobID] int NOT NULL,
  [JobTitle] varchar(500) NOT NULL CONSTRAINT [DF_AlternativeFormat_Completed_MediaJob_JobTitle] DEFAULT (''),
  [JobStartTime] datetime NOT NULL,
  [CompletedOn] datetime NOT NULL CONSTRAINT [DF_AlternativeFormat_Completed_MediaJob_CompletedOn] DEFAULT (getdate()),
  [JobDueDate] datetime NOT NULL,
  [AssignedTo] int NOT NULL CONSTRAINT [DF_AlternativeFormat_Completed_MediaJob_AssignedTo] DEFAULT ((0)),
  [FKMediaContentPerFormatID] int NOT NULL,
  [WhoCreatedJobId] int NOT NULL CONSTRAINT [DF_AlternativeFormat_Completed_MediaJob_WhoCreatedJobId] DEFAULT ((0)),
  [JobPriority] int NOT NULL CONSTRAINT [DF_AlternativeFormat_Completed_MediaJob_JobPriority] DEFAULT ((0)),
  [CampusId] int NULL,
  [ArchivedOn] datetime NOT NULL CONSTRAINT [DF_AlternativeFormat_Completed_MediaJob_ArchivedOn] DEFAULT (getdate()),
  [CompletedNotes] varchar(MAX) NOT NULL CONSTRAINT [DF_AlternativeFormat_Completed_MediaJob_CompletedNotes] DEFAULT (''),
  [CompletedBy] int NOT NULL CONSTRAINT [DF_AlternativeFormat_Completed_MediaJob_CompletedBy] DEFAULT ((0)),
  [StartPageIndex] int NOT NULL CONSTRAINT [DF__Alternati__Start__53440AA7] DEFAULT ((0)),
  [EndPageIndex] int NOT NULL CONSTRAINT [DF__Alternati__EndPa__54382EE0] DEFAULT ((0))
,  CONSTRAINT [PK_AlternativeFormat_Completed_MediaJob] PRIMARY KEY CLUSTERED ([MediaJobID] ASC)
);"
dbo.AlternativeFormat_MediaContent,"CREATE TABLE [dbo].[AlternativeFormat_MediaContent] (

  [MediaContentID] uniqueidentifier NOT NULL CONSTRAINT [DF_AlternativeFormat_MediaContent_MediaContentID] DEFAULT (newid()),
  [ShortTitle] varchar(250) NOT NULL CONSTRAINT [DF_AlternativeFormat_MediaContent_ShortTitle] DEFAULT (''),
  [LongTitle] varchar(1000) NOT NULL CONSTRAINT [DF_AlternativeFormat_MediaContent_LongTitle] DEFAULT (''),
  [Authors] varchar(1000) NOT NULL CONSTRAINT [DF_AlternativeFormat_MediaContent_Authors] DEFAULT (''),
  [Edition] varchar(150) NOT NULL CONSTRAINT [DF_AlternativeFormat_MediaContent_Edition] DEFAULT (''),
  [Summary] varchar(MAX) NOT NULL CONSTRAINT [DF_AlternativeFormat_MediaContent_Summary] DEFAULT (''),
  [PublisherID] int NULL,
  [PublishedDate] datetime NULL,
  [ISBN] varchar(50) NOT NULL CONSTRAINT [DF_AlternativeFormat_MediaContent_ISBN10] DEFAULT (''),
  [Length] varchar(50) NOT NULL CONSTRAINT [DF_AlternativeFormat_MediaContent_Length] DEFAULT (''),
  [WebSite] varchar(500) NOT NULL CONSTRAINT [DF_AlternativeFormat_MediaContent_WebSite] DEFAULT (''),
  [Notes] varchar(MAX) NOT NULL CONSTRAINT [DF_AlternativeFormat_MediaContent_Notes] DEFAULT (''),
  [ProofOfPurchaseRequired] bit NOT NULL CONSTRAINT [DF_AlternativeFormat_MediaContent_NeedsProofOfPurshase] DEFAULT ((1)),
  [MediaContentCategory] varchar(50) NOT NULL,
  [WhoEnteredId] int NOT NULL CONSTRAINT [DF_AlternativeFormat_MediaContent_WhoEnteredId] DEFAULT ((0)),
  [DateCreated] datetime NOT NULL CONSTRAINT [DF_AlternativeFormat_MediaContent_DateCreated] DEFAULT (getdate()),
  [IsActive] bit NOT NULL CONSTRAINT [DF_AlternativeFormat_MediaContent_IsActive_1] DEFAULT ((1)),
  [MediaContentDataID] int IDENTITY(1,1) NOT NULL,
  [ExternalId] varchar(500) NOT NULL CONSTRAINT [DF__Alternati__Exter__75C33FDD] DEFAULT (''),
  [ExternalSourceProvider] varchar(250) NOT NULL CONSTRAINT [DF__Alternati__Exter__76B76416] DEFAULT (''),
  [ThumbnailImageUrl] varchar(2000) NOT NULL CONSTRAINT [DF__Alternati__Thumb__77AB884F] DEFAULT ('')
,  CONSTRAINT [PK_AlternativeFormat_MediaContent] PRIMARY KEY CLUSTERED ([MediaContentID] ASC)
);"
dbo.AlternativeFormat_MediaContent_x_Course,"CREATE TABLE [dbo].[AlternativeFormat_MediaContent_x_Course] (

  [FK_MediaContentID] uniqueidentifier NOT NULL,
  [FK_CourseId] int NOT NULL
,  CONSTRAINT [PK_AlternativeFormat_MediaContent_x_Course] PRIMARY KEY CLUSTERED ([FK_MediaContentID] ASC,[FK_CourseId] ASC)
);"
dbo.AlternativeFormat_MediaContent_x_MediaContentFormat,"CREATE TABLE [dbo].[AlternativeFormat_MediaContent_x_MediaContentFormat] (

  [MediaContentPerFormatID] int IDENTITY(1,1) NOT NULL,
  [MediaContentFormat] varchar(100) NOT NULL,
  [FKMediaContentID] uniqueidentifier NOT NULL
,  CONSTRAINT [PK_AlternativeFormat_MediaContent_X_MediaContentFormat] PRIMARY KEY CLUSTERED ([MediaContentPerFormatID] ASC)
);"
dbo.AlternativeFormat_MediaContentFile,"CREATE TABLE [dbo].[AlternativeFormat_MediaContentFile] (

  [MediaContentFileID] int IDENTITY(1,1) NOT NULL,
  [Size] int NOT NULL CONSTRAINT [DF_AlternativeFormat_MediaContentFile_Size] DEFAULT ((0)),
  [Language] varchar(50) NOT NULL CONSTRAINT [DF_AlternativeFormat_MediaContentFile_Language] DEFAULT ('English'),
  [SourceProvider] varchar(250) NOT NULL CONSTRAINT [DF_AlternativeFormat_MediaContentFile_SourceProvider] DEFAULT (''),
  [MediaContentFileNotes] varchar(MAX) NOT NULL CONSTRAINT [DF_AlternativeFormat_MediaContentFile_MediaContentFileNotes] DEFAULT (''),
  [IsReusable] bit NOT NULL CONSTRAINT [DF_AlternativeFormat_MediaContentFile_IsReusable] DEFAULT ((1)),
  [UniqueOwner] int NULL,
  [FKMediaContentFormatID] int NOT NULL,
  [WhoUploadFilePersonId] int NOT NULL CONSTRAINT [DF_AlternativeFormat_MediaContentFile_WhoUploadFile_1] DEFAULT ((0)),
  [DateCreated] datetime NOT NULL CONSTRAINT [DF_AlternativeFormat_MediaContentFile_DateCreated] DEFAULT (getdate()),
  [MediaContentFilename] varchar(500) NOT NULL CONSTRAINT [DF_AlternativeFormat_MediaContentFile_MediaContentFilename_1] DEFAULT (''),
  [HardCopy] bit NOT NULL CONSTRAINT [DF_AlternativeFormat_MediaContentFile_HardCopy] DEFAULT ((0)),
  [MediaContentFileUniqueID] uniqueidentifier NULL
,  CONSTRAINT [PK_AlternativeFormat_MediaContentFile] PRIMARY KEY CLUSTERED ([MediaContentFileID] ASC)
);"
dbo.AlternativeFormat_MediaJob,"CREATE TABLE [dbo].[AlternativeFormat_MediaJob] (

  [MediaJobID] int IDENTITY(1,1) NOT NULL,
  [JobTitle] varchar(500) NOT NULL CONSTRAINT [DF_AlternativeFormat_MediaJob_JobTitle] DEFAULT (''),
  [JobStartTime] datetime NOT NULL,
  [JobDueDate] datetime NOT NULL,
  [AssignedTo] int NOT NULL CONSTRAINT [DF_AltenativeFormat_MediaJob_AssignTo] DEFAULT ((0)),
  [FKMediaContentPerFormatID] int NOT NULL,
  [Publisher_JobActiveStatusName] varchar(250) NOT NULL CONSTRAINT [DF_AltenativeFormat_MediaJob_Publisher_JobActiveStatusName] DEFAULT (''),
  [Vendor_JobActiveStatusName] varchar(250) NOT NULL CONSTRAINT [DF_AltenativeFormat_MediaJob_Vendor_JobActiveStatusName] DEFAULT (''),
  [General_JobActiveStatusName] varchar(250) NOT NULL CONSTRAINT [DF_AltenativeFormat_MediaJob_General_JobActiveStatusName] DEFAULT (''),
  [InHouse_JobActiveStatusName] varchar(250) NOT NULL CONSTRAINT [DF_AltenativeFormat_MediaJob_InHouse_JobActiveStatusName] DEFAULT (''),
  [WhoCreatedJobId] int NOT NULL CONSTRAINT [DF_AltenativeFormat_MediaJob_WhoCreatedJobId] DEFAULT ((0)),
  [JobPriority] int NOT NULL CONSTRAINT [DF_AlternativeFormat_MediaJob_JobPriority] DEFAULT ((0)),
  [CampusId] int NULL,
  [StartPageIndex] int NOT NULL CONSTRAINT [DF__Alternati__Start__31390B66] DEFAULT ((0)),
  [EndPageIndex] int NOT NULL CONSTRAINT [DF__Alternati__EndPa__322D2F9F] DEFAULT ((0))
,  CONSTRAINT [PK_AltenativeFormat_MediaJob] PRIMARY KEY CLUSTERED ([MediaJobID] ASC)
);"
dbo.AlternativeFormat_MediaJob_x_Volunteer,"CREATE TABLE [dbo].[AlternativeFormat_MediaJob_x_Volunteer] (

  [JobVolunteerId] int IDENTITY(1,1) NOT NULL,
  [VolunteerId] int NOT NULL,
  [MediaJobId] int NOT NULL,
  [WhenVolunteerWasAssigned] datetime NOT NULL CONSTRAINT [DF_AlternativeFormat_MediaJob_x_Volunteer_WhenVolunteerWasAssigned] DEFAULT (getdate()),
  [WhoAssignedVolunteer] int NOT NULL CONSTRAINT [DF_AlternativeFormat_MediaJob_x_Volunteer_WhoAssignedVolunteer] DEFAULT ((0)),
  [JobVolunteerNotes] varchar(MAX) NOT NULL CONSTRAINT [DF_AlternativeFormat_MediaJob_x_Volunteer_JobVolunteerNotes] DEFAULT (''),
  [IsActive] bit NOT NULL CONSTRAINT [DF_AlternativeFormat_MediaJob_x_Volunteer_IsActive] DEFAULT ((1))
,  CONSTRAINT [PK_AlternativeFormat_MediaJob_x_Volunteer] PRIMARY KEY CLUSTERED ([JobVolunteerId] ASC)
);"
dbo.AlternativeFormat_MediaJobNote,"CREATE TABLE [dbo].[AlternativeFormat_MediaJobNote] (

  [MediaJobNoteId] int IDENTITY(1,1) NOT NULL,
  [MediaJobId] int NOT NULL,
  [NoteText] varchar(MAX) NOT NULL CONSTRAINT [DF_AlternativeFormat_MediaJobNote_NoteText] DEFAULT (''),
  [LastModifiedDatetime] datetime NOT NULL CONSTRAINT [DF_AlternativeFormat_MediaJobNote_CreatedDatetime] DEFAULT (getdate()),
  [WhoModifiedId] int NOT NULL CONSTRAINT [DF_AlternativeFormat_MediaJobNote_WhoCreatedId] DEFAULT ((0))
,  CONSTRAINT [PK_AlternativeFormat_MediaJobNote] PRIMARY KEY CLUSTERED ([MediaJobNoteId] ASC)
);"
dbo.AlternativeFormat_MediaJobStatus,"CREATE TABLE [dbo].[AlternativeFormat_MediaJobStatus] (

  [MediaJobStatusID] int IDENTITY(1,1) NOT NULL,
  [MediaJobStatusName] varchar(250) NOT NULL,
  [MediaJobStatusDescription] varchar(2000) NOT NULL CONSTRAINT [DF_AlternativeFormat_MediaJobStatus_MediaJobStatusDescription] DEFAULT (''),
  [MediaJobStatusGroupName] varchar(250) NOT NULL CONSTRAINT [DF_AlternativeFormat_MediaJobStatus_MediaJobStatusGroupName] DEFAULT ('GeneralActionStatus'),
  [MediaJobStatusOrderNum] int NOT NULL CONSTRAINT [DF_AlternativeFormat_MediaJobStatus_OrderNum] DEFAULT ((0))
,  CONSTRAINT [PK_AlternativeFormat_MediaJobStatus] PRIMARY KEY CLUSTERED ([MediaJobStatusID] ASC)
);"
dbo.AlternativeFormat_ProofOfPurchaseInfo,"CREATE TABLE [dbo].[AlternativeFormat_ProofOfPurchaseInfo] (

  [ProofOfPurchaseID] int IDENTITY(1,1) NOT NULL,
  [ProofOfPurchaseNote] varchar(MAX) NOT NULL CONSTRAINT [DF_AlternativeFormat_ProofOfPurchaseInfo_ProofOfPurchaseNote] DEFAULT (''),
  [WhoAcceptedProofOfPurchase] int NOT NULL CONSTRAINT [DF_AlternativeFormat_ProofOfPurchaseInfo_WhoAcceptedProofOfPurchase] DEFAULT ((0)),
  [WhenWasAccepted] datetime NULL,
  [IsActive] bit NOT NULL CONSTRAINT [DF_AlternativeFormat_ProofOfPurchaseInfo_IsActive] DEFAULT ((1)),
  [FK_MediaContentUniqueID] uniqueidentifier NOT NULL,
  [StudentPersonID] int NOT NULL,
  [Filename] varchar(500) NOT NULL CONSTRAINT [DF__Alternati__Filen__1DDC1E2F] DEFAULT (''),
  [Extension] varchar(10) NOT NULL CONSTRAINT [DF__Alternati__Exten__1ED04268] DEFAULT ('')
,  CONSTRAINT [PK_AlternativeFormat_ProofOfPurchaseInfo] PRIMARY KEY CLUSTERED ([ProofOfPurchaseID] ASC)
);"
dbo.AlternativeFormat_Publisher,"CREATE TABLE [dbo].[AlternativeFormat_Publisher] (

  [PublisherID] int IDENTITY(1,1) NOT NULL,
  [PublisherName] varchar(250) NOT NULL CONSTRAINT [DF_AlternativeFormat_Publisher_ContactInfoName] DEFAULT (''),
  [PublisherDescription] varchar(100) NOT NULL CONSTRAINT [DF_AlternativeFormat_Publisher_Description] DEFAULT (''),
  [PublisherNotes] varchar(MAX) NOT NULL CONSTRAINT [DF_AlternativeFormat_Publisher_Notes] DEFAULT (''),
  [PublisherPhone] varchar(15) NOT NULL CONSTRAINT [DF_AlternativeFormat_Publisher_ContactInfoPhone] DEFAULT (''),
  [PublisherAddress] varchar(500) NOT NULL CONSTRAINT [DF_AlternativeFormat_Publisher_ContactInfoAddress] DEFAULT (''),
  [PublisherFax] varchar(15) NOT NULL CONSTRAINT [DF_AlternativeFormat_Publisher_ContactInfoFax] DEFAULT (''),
  [PublisherEmail] varchar(150) NOT NULL CONSTRAINT [DF_AlternativeFormat_Publisher_ContactInfoEmail] DEFAULT (''),
  [PublisherWebsite] varchar(300) NOT NULL CONSTRAINT [DF_AlternativeFormat_Publisher_ContactInfoWebsite] DEFAULT ('')
,  CONSTRAINT [PK_AlternativeFormat_Publisher] PRIMARY KEY CLUSTERED ([PublisherID] ASC)
);"
dbo.AlternativeFormat_StudentMediaRequest,"CREATE TABLE [dbo].[AlternativeFormat_StudentMediaRequest] (

  [StudentMediaRequestID] int IDENTITY(1,1) NOT NULL,
  [RequestMadeFromStudentNo] int NOT NULL CONSTRAINT [DF_AlternativeFormat_StudentMediaRequest_RequestMadeFromStudentNo] DEFAULT ((0)),
  [CreatedDateTime] datetime NOT NULL CONSTRAINT [DF_AlternativeFormat_StudentMediaRequest_CreatedDateTime] DEFAULT (getdate()),
  [CompletedDateTime] datetime NULL,
  [CampusId] int NULL
,  CONSTRAINT [PK_AlternativeFormat_StudentMediaRequest] PRIMARY KEY CLUSTERED ([StudentMediaRequestID] ASC)
);"
dbo.AlternativeFormat_StudentMediaRequestDetail,"CREATE TABLE [dbo].[AlternativeFormat_StudentMediaRequestDetail] (

  [StudentMediaRequestDetailId] int IDENTITY(1,1) NOT NULL,
  [FKStudentMediaRequestID] int NOT NULL,
  [Status] varchar(100) NOT NULL CONSTRAINT [DF_AlternativeFormat_StudentMediaRequestDetail_Status] DEFAULT (''),
  [FKMediaContentPerFormatId] int NULL,
  [IsApproved] bit NOT NULL CONSTRAINT [DF_AlternativeFormat_StudentMediaRequestDetail_IsApproved] DEFAULT ((0)),
  [FKMediaContentID] uniqueidentifier NOT NULL,
  [AvailableStartTime] datetime NULL,
  [AvailableEndTime] datetime NULL,
  [IsCompleted] bit NOT NULL CONSTRAINT [DF_AlternativeFormat_StudentMediaRequestDetail_IsCompleted] DEFAULT ((0)),
  [FKMediaJobId] int NOT NULL CONSTRAINT [DF_AlternativeFormat_StudentMediaRequestDetail_FKMediaJobId] DEFAULT ((0)),
  [FKProofOfPurchaseID] int NULL,
  [CreatedDateTime] datetime NOT NULL CONSTRAINT [DF_AlternativeFormat_StudentMediaRequestDetail_CreatedDatetime] DEFAULT (getdate()),
  [CompletedDateTime] datetime NULL,
  [IsCancelled] bit NOT NULL CONSTRAINT [DF_AlternativeFormat_StudentMediaRequestDetail_IsCancelled] DEFAULT ((0)),
  [CompletionNotes] varchar(8000) NULL,
  [StudentPreferredFormat] varchar(100) NULL
,  CONSTRAINT [PK_AlternativeFormat_StudentMediaRequestDetail] PRIMARY KEY CLUSTERED ([StudentMediaRequestDetailId] ASC)
);"
dbo.AlternativeFormat_Vendor,"CREATE TABLE [dbo].[AlternativeFormat_Vendor] (

  [VendorID] int IDENTITY(1,1) NOT NULL,
  [VendorName] varchar(200) NOT NULL CONSTRAINT [DF_AlternativeFormat_Vendor_VendorName] DEFAULT (''),
  [VendorDescription] varchar(MAX) NOT NULL CONSTRAINT [DF_AlternativeFormat_Vendor_VendorDescription] DEFAULT (''),
  [VendorNotes] varchar(MAX) NOT NULL CONSTRAINT [DF_AlternativeFormat_Vendor_Notes] DEFAULT (''),
  [VendorPhone] varchar(50) NOT NULL CONSTRAINT [DF_AlternativeFormat_Vendor_Phone] DEFAULT (''),
  [VendorCellPhone] varchar(50) NOT NULL CONSTRAINT [DF_AlternativeFormat_Vendor_CellPhone] DEFAULT (''),
  [VendorAddress] varchar(250) NOT NULL CONSTRAINT [DF_AlternativeFormat_Vendor_Address] DEFAULT (''),
  [VendorFax] varchar(50) NOT NULL CONSTRAINT [DF_AlternativeFormat_Vendor_Fax] DEFAULT (''),
  [VendorEmail] varchar(250) NOT NULL CONSTRAINT [DF_AlternativeFormat_Vendor_Email] DEFAULT (''),
  [VendorWebSite] varchar(500) NOT NULL CONSTRAINT [DF_AlternativeFormat_Vendor_WebSite] DEFAULT ('')
);"
dbo.AlternativeFormat_VolunteerWorkingHours,"CREATE TABLE [dbo].[AlternativeFormat_VolunteerWorkingHours] (

  [JobVolunteerWorkingHoursId] int IDENTITY(1,1) NOT NULL,
  [VolunteerId] int NOT NULL,
  [MediaJobId] int NOT NULL,
  [StartWorkingTime] datetime NOT NULL,
  [EndWorkingTime] datetime NOT NULL,
  [WhoAddWorkingHours] int NOT NULL CONSTRAINT [DF_AlternativeFormat_VolunteerWorkingHours_WhoAddWorkingHours] DEFAULT ((0)),
  [VolunteerWorkingHoursNotes] varchar(MAX) NOT NULL CONSTRAINT [DF_AlternativeFormat_VolunteerWorkingHours_VolunteerWorkingHoursNotes] DEFAULT ('')
,  CONSTRAINT [PK_AlternativeFormat_VolunteerWorkingHours] PRIMARY KEY CLUSTERED ([JobVolunteerWorkingHoursId] ASC)
);"
dbo.AppointmentCancelledReason,"CREATE TABLE [dbo].[AppointmentCancelledReason] (

  [appointmentid] int NOT NULL,
  [cancelreasonid] int NULL CONSTRAINT [DF__Appointme__cance__76EBA2E9] DEFAULT (NULL),
  [cancelreasontext] varchar(2500) NOT NULL CONSTRAINT [DF__Appointme__cance__77DFC722] DEFAULT (''),
  [cancelledbypersonid] int NOT NULL CONSTRAINT [DF__Appointme__cance__78D3EB5B] DEFAULT ((-1)),
  [cancelleddate] datetime NOT NULL CONSTRAINT [DF__Appointme__cance__79C80F94] DEFAULT (getdate())
,  CONSTRAINT [PK__Appointm__D06661260445DC16] PRIMARY KEY CLUSTERED ([appointmentid] ASC)
);"
dbo.AppointmentCourses,"CREATE TABLE [dbo].[AppointmentCourses] (

  [AppointmentCourseID] int IDENTITY(1,1) NOT NULL,
  [AppointmentID] int NOT NULL,
  [LUCourseID] int NOT NULL,
  [originalStartDateTime] datetime NULL,
  [originalEndDateTime] datetime NULL,
  [testNote] varbinary(MAX) NULL,
  [studentNote] varbinary(MAX) NULL,
  [InstructorAcknowledgeValue] int NOT NULL CONSTRAINT [DF__Appointme__Instr__29820FAE] DEFAULT ((0)),
  [InstructorAcknowledgeDate] datetime NULL CONSTRAINT [DF__Appointme__Instr__2A7633E7] DEFAULT (NULL),
  [privatenote2] varchar(MAX) NOT NULL CONSTRAINT [DF__Appointme__priva__1FC39B4A] DEFAULT (''),
  [autobookingnotes] varchar(MAX) NOT NULL CONSTRAINT [DF__Appointme__autob__20B7BF83] DEFAULT (''),
  [testpickedupdate] datetime NULL CONSTRAINT [DF__Appointme__testp__21ABE3BC] DEFAULT (NULL),
  [testpickedupnote] varchar(MAX) NOT NULL CONSTRAINT [DF__Appointme__testp__22A007F5] DEFAULT (''),
  [extendedproperties] varchar(MAX) NOT NULL CONSTRAINT [DF__Appointme__exten__294D0584] DEFAULT (''),
  [ExamStatusLookupId] int NULL CONSTRAINT [DF__Appointme__ExamS__08AB2BC8] DEFAULT (NULL)
,  CONSTRAINT [PK_AppointmentCourses] PRIMARY KEY CLUSTERED ([AppointmentCourseID] ASC)
);"
dbo.AppointmentCoursesFastLoad,"CREATE TABLE [dbo].[AppointmentCoursesFastLoad] (

  [AppointmentCourseID] int NOT NULL,
  [AppointmentID] int NOT NULL,
  [LUCourseID] int NULL,
  [originalStartDateTime] datetime NULL,
  [originalEndDateTime] datetime NULL,
  [testNote] varbinary(MAX) NULL,
  [studentNote] varbinary(MAX) NULL,
  [InstructorAcknowledgeValue] int NOT NULL CONSTRAINT [DF__Appointme__Instr__63E486C4] DEFAULT ((0)),
  [InstructorAcknowledgeDate] datetime NULL,
  [privatenote2] varchar(MAX) NOT NULL CONSTRAINT [DF__Appointme__priva__64D8AAFD] DEFAULT (''),
  [autobookingnotes] varchar(MAX) NOT NULL CONSTRAINT [DF__Appointme__autob__65CCCF36] DEFAULT (''),
  [testpickedupdate] datetime NULL,
  [testpickedupnote] varchar(MAX) NOT NULL CONSTRAINT [DF__Appointme__testp__66C0F36F] DEFAULT (''),
  [extendedproperties] varchar(MAX) NOT NULL CONSTRAINT [DF__Appointme__exten__67B517A8] DEFAULT (''),
  [ExamStatusLookupId] int NULL
,  CONSTRAINT [PK_AppointmentCoursesFastLoad] PRIMARY KEY CLUSTERED ([AppointmentCourseID] ASC)
);"
dbo.AppointmentGroupNoPermissions,"CREATE TABLE [dbo].[AppointmentGroupNoPermissions] (

  [AppointmentGroupNoPermissionsID] int IDENTITY(1,1) NOT NULL,
  [personid] int NOT NULL,
  [groupid] int NOT NULL,
  [access_level] int NOT NULL CONSTRAINT [DF_AppointmentGroupNoPermissions_noaccess_level] DEFAULT ((1))
,  CONSTRAINT [PK_AppointmentGroupNoPermissions] PRIMARY KEY CLUSTERED ([AppointmentGroupNoPermissionsID] ASC)
);"
dbo.AppointmentGroupNoPermissionsExceptions,"CREATE TABLE [dbo].[AppointmentGroupNoPermissionsExceptions] (

  [AppointmentGroupNoPermissionsExceptionsID] int IDENTITY(1,1) NOT NULL,
  [personid] int NOT NULL,
  [groupid] int NOT NULL,
  [access_level] int NOT NULL CONSTRAINT [DF_AppointmentGroupNoPermissionsExceptions_access_level] DEFAULT ((2))
,  CONSTRAINT [PK_AppointmentGroupNoPermissionsExceptions] PRIMARY KEY CLUSTERED ([AppointmentGroupNoPermissionsExceptionsID] ASC)
);"
dbo.AppointmentIconInfo,"CREATE TABLE [dbo].[AppointmentIconInfo] (

  [AppointmentIconInfoID] int IDENTITY(1,1) NOT NULL,
  [iconIndex] int NOT NULL CONSTRAINT [DF_AppointmentIconInfo_iconIndex] DEFAULT ((-1)),
  [iconText] varchar(500) NOT NULL CONSTRAINT [DF_AppointmentIconInfo_iconText] DEFAULT (''),
  [iconLetterIdentifier] char(1) NULL
,  CONSTRAINT [PK_AppointmentIconInfo] PRIMARY KEY CLUSTERED ([AppointmentIconInfoID] ASC)
);"
dbo.AppointmentIcons,"CREATE TABLE [dbo].[AppointmentIcons] (

  [AppIconID] int IDENTITY(1,1) NOT NULL,
  [AppointmentID] int NOT NULL,
  [screenNum] int NULL,
  [iconNum] int NULL
,  CONSTRAINT [PK_AppointmentIcons] PRIMARY KEY CLUSTERED ([AppIconID] ASC)
);"
dbo.AppointmentIconsFastLoad,"CREATE TABLE [dbo].[AppointmentIconsFastLoad] (

  [AppIconID] int NOT NULL,
  [AppointmentID] int NOT NULL,
  [screenNum] int NULL,
  [iconNum] int NULL
,  CONSTRAINT [PK_AppointmentIconsFastLoad] PRIMARY KEY CLUSTERED ([AppIconID] ASC)
);"
dbo.AppointmentMappingsClockWorkOutlook,"CREATE TABLE [dbo].[AppointmentMappingsClockWorkOutlook] (

  [AppointmentMappingsClockWorkOutlookid] int IDENTITY(1,1) NOT NULL,
  [ClockWorkAppointmentId] int NULL CONSTRAINT [DF__Appointme__Clock__6A90B8FC] DEFAULT (NULL),
  [OutlookGlobalAppointmentId] varchar(MAX) NULL CONSTRAINT [DF__Appointme__Outlo__6B84DD35] DEFAULT (NULL),
  [ClockWorkLastModifiedDate] datetime NULL CONSTRAINT [DF__Appointme__Clock__768C7B8D] DEFAULT (NULL),
  [OutlookLastModifiedDate] datetime NULL CONSTRAINT [DF__Appointme__Outlo__77809FC6] DEFAULT (NULL),
  [UniqueId2] varchar(8000) NULL,
  [MasterRecurrenceAppointmentId] varchar(1000) NULL
,  CONSTRAINT [PK__Appointm__F0A487B9CF9FEE5C] PRIMARY KEY CLUSTERED ([AppointmentMappingsClockWorkOutlookid] ASC)
);"
dbo.AppointmentMappingsClockWorkOutlook_Archive,"CREATE TABLE [dbo].[AppointmentMappingsClockWorkOutlook_Archive] (

  [ID] int IDENTITY(1,1) NOT NULL,
  [AppointmentMappingsClockWorkOutlookid] int NULL,
  [ClockWorkAppointmentId] int NULL,
  [OutlookGlobalAppointmentId] varchar(MAX) NULL,
  [ClockWorkLastModifiedDate] datetime NULL,
  [OutlookLastModifiedDate] datetime NULL,
  [UniqueId2] varchar(MAX) NULL,
  [MasterRecurrenceAppointmentId] varchar(1000) NULL,
  [MappingAction] varchar(100) NOT NULL CONSTRAINT [DF_AppointmentMappingsClockWorkOutlook_Archive_MappingAction] DEFAULT (''),
  [ModifiedDate] datetime NOT NULL CONSTRAINT [DF_AppointmentMappingsClockWorkOutlook_Archive_ModifiedDate] DEFAULT (getdate())
,  CONSTRAINT [PK_AppointmentMappingsClockWorkOutlook_Archive] PRIMARY KEY CLUSTERED ([ID] ASC)
);"
dbo.AppointmentMappingsClockWorkOutlookGlobalAppointmentId,"CREATE TABLE [dbo].[AppointmentMappingsClockWorkOutlookGlobalAppointmentId] (

  [AppointmentMappingsClockWorkOutlookGlobalAppointmentIdid] int IDENTITY(1,1) NOT NULL,
  [UniqueId] varchar(MAX) NULL CONSTRAINT [DF__Appointme__Uniqu__6E6149E0] DEFAULT (NULL),
  [OutlookGlobalAppointmentId] varchar(MAX) NULL CONSTRAINT [DF__Appointme__Outlo__6F556E19] DEFAULT (NULL)
,  CONSTRAINT [PK__Appointm__2E3DDC7E7073AFCC] PRIMARY KEY CLUSTERED ([AppointmentMappingsClockWorkOutlookGlobalAppointmentIdid] ASC)
);"
dbo.AppointmentMemos,"CREATE TABLE [dbo].[AppointmentMemos] (

  [AppMemoID] int IDENTITY(1,1) NOT NULL,
  [AppointmentID] int NOT NULL,
  [memoText] varbinary(MAX) NULL,
  [isEncrypted] bit NOT NULL CONSTRAINT [DF_AppointmentMemos_isEncrypted] DEFAULT ((0))
,  CONSTRAINT [PK_AppointmentMemos] PRIMARY KEY CLUSTERED ([AppMemoID] ASC)
);"
dbo.AppointmentMemosFastLoad,"CREATE TABLE [dbo].[AppointmentMemosFastLoad] (

  [AppMemoID] int NOT NULL,
  [AppointmentID] int NOT NULL,
  [memoText] varbinary(MAX) NULL,
  [isEncrypted] bit NOT NULL
,  CONSTRAINT [PK_AppointmentMemosFastLoad] PRIMARY KEY CLUSTERED ([AppMemoID] ASC)
);"
dbo.AppointmentNotesArchive,"CREATE TABLE [dbo].[AppointmentNotesArchive] (

  [ArchiveDataID] int IDENTITY(1,1) NOT NULL,
  [dataid] int NOT NULL,
  [personid] int NOT NULL,
  [appointmentid] int NOT NULL,
  [controlid] int NOT NULL,
  [datemodified] datetime NOT NULL CONSTRAINT [DF__Appointme__datem__6FAA73D4] DEFAULT (getdate()),
  [controlvalueint] int NULL CONSTRAINT [DF__Appointme__contr__709E980D] DEFAULT (NULL),
  [controlvaluedatetime] datetime NULL CONSTRAINT [DF__Appointme__contr__7192BC46] DEFAULT (NULL),
  [controlvaluebinary] varbinary(MAX) NULL CONSTRAINT [DF__Appointme__contr__7286E07F] DEFAULT (NULL)
,  CONSTRAINT [PK__Appointm__C7869C5D69BB2B48] PRIMARY KEY CLUSTERED ([ArchiveDataID] ASC)
);"
dbo.AppointmentPersonNoPermissions,"CREATE TABLE [dbo].[AppointmentPersonNoPermissions] (

  [AppointmentPersonNoPermissionsID] int IDENTITY(1,1) NOT NULL,
  [personid] int NOT NULL,
  [personid_noaccess] int NOT NULL,
  [access_level] int NOT NULL CONSTRAINT [DF_AppointmentPersonNoPermissions_noaccess_level] DEFAULT ((1))
,  CONSTRAINT [PK_AppointmentPersonNoPermissions] PRIMARY KEY CLUSTERED ([AppointmentPersonNoPermissionsID] ASC)
);"
dbo.AppointmentPersonNoPermissionsExceptions,"CREATE TABLE [dbo].[AppointmentPersonNoPermissionsExceptions] (

  [AppointmentPersonNoPermissionsExceptionsID] int IDENTITY(1,1) NOT NULL,
  [personid] int NOT NULL,
  [personid_access] int NOT NULL,
  [access_level] int NOT NULL CONSTRAINT [DF_AppointmentPersonNoPermissionsExceptions_access_level] DEFAULT ((2))
,  CONSTRAINT [PK_AppointmentPersonNoPermissionsExceptions] PRIMARY KEY CLUSTERED ([AppointmentPersonNoPermissionsExceptionsID] ASC)
);"
dbo.AppointmentRecurringInstance,"CREATE TABLE [dbo].[AppointmentRecurringInstance] (

  [appointmentrecurringinstanceid] int IDENTITY(1,1) NOT NULL,
  [appointmentid] int NULL CONSTRAINT [DF__Appointme__appoi__4C764630] DEFAULT (NULL),
  [startdate] datetime NOT NULL,
  [enddate] datetime NOT NULL,
  [subject] varbinary(8000) NULL CONSTRAINT [DF__Appointme__subje__4D6A6A69] DEFAULT (NULL),
  [location] varbinary(8000) NULL CONSTRAINT [DF__Appointme__locat__4E5E8EA2] DEFAULT (NULL),
  [memo] image NULL CONSTRAINT [DF__Appointmen__memo__4F52B2DB] DEFAULT (NULL)
,  CONSTRAINT [PK__Appointm__A5C5825917E60852] PRIMARY KEY CLUSTERED ([appointmentrecurringinstanceid] ASC)
);"
dbo.Appointments,"CREATE TABLE [dbo].[Appointments] (

  [AppointmentID] int IDENTITY(1,1) NOT NULL,
  [AppTypeID] int NOT NULL,
  [startDate] datetime NOT NULL,
  [endDate] datetime NOT NULL,
  [cancelled] bit NOT NULL CONSTRAINT [DF_Appointments_cancelled] DEFAULT ((0)),
  [dateAdded] datetime NOT NULL,
  [personID] int NOT NULL,
  [isHidden] bit NOT NULL CONSTRAINT [DF_Appointments_isHidden] DEFAULT ((0)),
  [isLocked] bit NOT NULL CONSTRAINT [DF_Appointments_isLocked] DEFAULT ((0)),
  [overrideColour] int NULL,
  [extraAttendeesCount] int NOT NULL CONSTRAINT [DF_Appointments_extraAttendeesCount] DEFAULT ((0)),
  [appCode] int NOT NULL CONSTRAINT [DF_Appointments_appCode] DEFAULT ((0)),
  [groupCode] int NOT NULL CONSTRAINT [DF_Appointments_groupCode] DEFAULT ((-1)),
  [ExternalGroupCode] int NULL CONSTRAINT [DF__Appointme__Exter__7DCDAAA2] DEFAULT (NULL),
  [ExternalId] int NULL CONSTRAINT [DF__Appointme__Exter__7EC1CEDB] DEFAULT (NULL),
  [AppProperties] varbinary(8000) NULL CONSTRAINT [DF__Appointme__AppPr__24485945] DEFAULT (NULL),
  [Subject] varbinary(8000) NULL CONSTRAINT [DF__Appointme__Subje__253C7D7E] DEFAULT (NULL),
  [Location] varbinary(8000) NULL CONSTRAINT [DF__Appointme__Locat__2630A1B7] DEFAULT (NULL),
  [ActualStartTime] datetime NULL CONSTRAINT [DF__Appointme__Actua__2724C5F0] DEFAULT (NULL),
  [ActualEndTime] datetime NULL CONSTRAINT [DF__Appointme__Actua__2818EA29] DEFAULT (NULL),
  [CaseId] int NULL CONSTRAINT [DF__Appointme__CaseI__290D0E62] DEFAULT (NULL),
  [examid] int NULL CONSTRAINT [DF__Appointme__exami__19B5BC39] DEFAULT (NULL),
  [totalbreakminutes] int NOT NULL CONSTRAINT [DF__Appointme__total__10EB6C0E] DEFAULT ((0)),
  [sittingid] int NULL CONSTRAINT [DF__Appointme__sitti__24BD5A91] DEFAULT (NULL),
  [extendedproperties] varchar(MAX) NOT NULL CONSTRAINT [DF__Appointme__exten__2A4129BD] DEFAULT ('')
,  CONSTRAINT [PK_Appointments] PRIMARY KEY CLUSTERED ([AppointmentID] ASC)
);"
dbo.AppointmentsDeleted,"CREATE TABLE [dbo].[AppointmentsDeleted] (

  [appointmentid] int NOT NULL CONSTRAINT [DF__Appointme__appoi__65CC03DF] DEFAULT ((0)),
  [datedeleted] datetime NOT NULL CONSTRAINT [DF__Appointme__dated__66C02818] DEFAULT (getdate()),
  [startdate] datetime NOT NULL
,  CONSTRAINT [PK__Appointm__D0666126E7725FD8] PRIMARY KEY CLUSTERED ([appointmentid] ASC)
);"
dbo.appointmentsdeleteddates,"CREATE TABLE [dbo].[appointmentsdeleteddates] (

  [appointmentsdeleteddatesid] int IDENTITY(1,1) NOT NULL,
  [appointmentid] int NOT NULL,
  [datedeleted] datetime NOT NULL,
  [personid] int NOT NULL
,  CONSTRAINT [PK_AppointmentsDeletedDates] PRIMARY KEY CLUSTERED ([appointmentsdeleteddatesid] ASC)
);"
dbo.AppointmentsFastLoad,"CREATE TABLE [dbo].[AppointmentsFastLoad] (

  [AppointmentID] int NOT NULL,
  [AppTypeID] int NOT NULL CONSTRAINT [DF__Appointme__AppTy__3AE27131] DEFAULT ((-1)),
  [startDate] datetime NOT NULL,
  [endDate] datetime NOT NULL,
  [cancelled] bit NOT NULL CONSTRAINT [DF__Appointme__cance__3BD6956A] DEFAULT ((0)),
  [dateAdded] datetime NOT NULL CONSTRAINT [DF__Appointme__dateA__3CCAB9A3] DEFAULT (getdate()),
  [personID] int NOT NULL,
  [isHidden] bit NOT NULL CONSTRAINT [DF__Appointme__isHid__3DBEDDDC] DEFAULT ((0)),
  [isLocked] bit NOT NULL CONSTRAINT [DF__Appointme__isLoc__3EB30215] DEFAULT ((0)),
  [overrideColour] int NULL,
  [extraAttendeesCount] int NOT NULL CONSTRAINT [DF__Appointme__extra__3FA7264E] DEFAULT ((0)),
  [appCode] int NOT NULL CONSTRAINT [DF__Appointme__appCo__409B4A87] DEFAULT ((0)),
  [groupCode] int NOT NULL CONSTRAINT [DF__Appointme__group__418F6EC0] DEFAULT ((-1)),
  [ExternalGroupCode] int NULL,
  [ExternalId] int NULL,
  [AppProperties] varbinary(8000) NULL,
  [Subject] varbinary(8000) NULL,
  [Location] varbinary(8000) NULL,
  [ActualStartTime] datetime NULL,
  [ActualEndTime] datetime NULL,
  [CaseId] int NULL,
  [examid] int NULL,
  [totalbreakminutes] int NOT NULL CONSTRAINT [DF__Appointme__total__428392F9] DEFAULT ((0)),
  [sittingid] int NULL,
  [extendedproperties] varchar(MAX) NOT NULL CONSTRAINT [DF__Appointme__exten__4377B732] DEFAULT ('')
,  CONSTRAINT [PK_AppointmentsFastLoad] PRIMARY KEY CLUSTERED ([AppointmentID] ASC)
);"
dbo.AppointmentsHolidays,"CREATE TABLE [dbo].[AppointmentsHolidays] (

  [HolidayId] int IDENTITY(1,1) NOT NULL,
  [Title] varchar(256) NOT NULL CONSTRAINT [DF__Appointme__Title__5827EFFE] DEFAULT (''),
  [Description] varchar(MAX) NOT NULL CONSTRAINT [DF__Appointme__Descr__591C1437] DEFAULT (''),
  [Dt] datetime NOT NULL
,  CONSTRAINT [PK__Appointm__2D35D57AC7945633] PRIMARY KEY CLUSTERED ([HolidayId] ASC)
);"
dbo.AppointmentShowTimeAs,"CREATE TABLE [dbo].[AppointmentShowTimeAs] (

  [AppointmentShowTimeAsID] int IDENTITY(1,1) NOT NULL,
  [showTimeAsTitle] varchar(50) NOT NULL CONSTRAINT [DF_AppointmentShowTimeAs_showTimeAsTitle] DEFAULT (''),
  [extraIconID] int NOT NULL CONSTRAINT [DF_AppointmentShowTimeAs_extraIconID] DEFAULT ((0)),
  [ShowTimeAsColour] int NULL CONSTRAINT [DF__Appointme__ShowT__76577163] DEFAULT (NULL)
,  CONSTRAINT [PK_AppointmentShowTimeAs] PRIMARY KEY CLUSTERED ([AppointmentShowTimeAsID] ASC)
);"
dbo.AppointmentsLastDateModified,"CREATE TABLE [dbo].[AppointmentsLastDateModified] (

  [appointmentid] int NOT NULL,
  [DateLastModified] datetime NOT NULL
,  CONSTRAINT [PK__Appointm__D0666126487979AD] PRIMARY KEY CLUSTERED ([appointmentid] ASC)
);"
dbo.AppointmentsModifiedDates,"CREATE TABLE [dbo].[AppointmentsModifiedDates] (

  [AppointmentsModifiedDatesID] int IDENTITY(1,1) NOT NULL,
  [appointmentID] int NOT NULL,
  [dateModified] datetime NOT NULL,
  [personID] int NOT NULL,
  [howModifiedCode] int NOT NULL CONSTRAINT [DF_AppointmentsModifiedDates_howModifiedCode] DEFAULT ((0)),
  [changed_datetime] bit NOT NULL CONSTRAINT [DF__Appointme__chang__5C37ACAD] DEFAULT ((0)),
  [changed_description] bit NOT NULL CONSTRAINT [DF__Appointme__chang__5D2BD0E6] DEFAULT ((0)),
  [changed_room] bit NOT NULL CONSTRAINT [DF__Appointme__chang__5E1FF51F] DEFAULT ((0)),
  [changed_memo] bit NOT NULL CONSTRAINT [DF__Appointme__chang__5F141958] DEFAULT ((0)),
  [changed_attendees] bit NOT NULL CONSTRAINT [DF__Appointme__chang__60083D91] DEFAULT ((0)),
  [changed_cancelled] bit NOT NULL CONSTRAINT [DF__Appointme__chang__60FC61CA] DEFAULT ((0)),
  [changed_noshow] bit NOT NULL CONSTRAINT [DF__Appointme__chang__61F08603] DEFAULT ((0)),
  [changed_course] bit NOT NULL CONSTRAINT [DF__Appointme__chang__62E4AA3C] DEFAULT ((0)),
  [changed_other1] bit NOT NULL CONSTRAINT [DF__Appointme__chang__63D8CE75] DEFAULT ((0)),
  [changed_other2] bit NOT NULL CONSTRAINT [DF__Appointme__chang__64CCF2AE] DEFAULT ((0)),
  [changed_icons] bit NOT NULL CONSTRAINT [DF__Appointme__chang__65C116E7] DEFAULT ((0))
,  CONSTRAINT [PK_AppointmentsModifiedDates] PRIMARY KEY CLUSTERED ([AppointmentsModifiedDatesID] ASC)
);"
dbo.AppointmentsReminder_GroupInclusionList,"CREATE TABLE [dbo].[AppointmentsReminder_GroupInclusionList] (

  [GroupID] int NOT NULL
,  CONSTRAINT [PK_AppointmentsReminder_GroupInclusionList] PRIMARY KEY CLUSTERED ([GroupID] ASC)
);"
dbo.AppointmentsReminder_Notification,"CREATE TABLE [dbo].[AppointmentsReminder_Notification] (

  [AppointmentReminderID] int IDENTITY(1,1) NOT NULL,
  [AppointmentID] int NOT NULL,
  [PersonID] int NOT NULL,
  [startDate] datetime NOT NULL,
  [endDate] datetime NOT NULL,
  [Subject] varbinary(8000) NULL,
  [NotificationDatetime] datetime NOT NULL,
  [AlreadyNotified] bit NOT NULL CONSTRAINT [DF_AppointmentsReminder_Notification_AlreadyNotify] DEFAULT ((0)),
  [WasDeleted] bit NOT NULL CONSTRAINT [DF_AppointmentsReminder_Notification_WasDeleted] DEFAULT ((0))
,  CONSTRAINT [PK_AppointmentsReminder_Notification_1] PRIMARY KEY CLUSTERED ([AppointmentReminderID] ASC)
);"
dbo.AppointmentsReminder_PeopleExclusionList,"CREATE TABLE [dbo].[AppointmentsReminder_PeopleExclusionList] (

  [PersonID] int NOT NULL
,  CONSTRAINT [PK_AppointmentsReminder_PeopleExclusionList] PRIMARY KEY CLUSTERED ([PersonID] ASC)
);"
dbo.AppointmentTypeGroups,"CREATE TABLE [dbo].[AppointmentTypeGroups] (

  [AppointmentTypeGroupID] int IDENTITY(1,1) NOT NULL,
  [title] varchar(100) NOT NULL CONSTRAINT [DF_AppointmentTypeGroups_title] DEFAULT (''),
  [description] varchar(1000) NOT NULL CONSTRAINT [DF_AppointmentTypeGroups_description] DEFAULT ('')
,  CONSTRAINT [PK_AppointmentTypeGroups] PRIMARY KEY CLUSTERED ([AppointmentTypeGroupID] ASC)
);"
dbo.AppointmentTypes,"CREATE TABLE [dbo].[AppointmentTypes] (

  [AppTypeID] int IDENTITY(1,1) NOT NULL,
  [description] varchar(75) NOT NULL CONSTRAINT [DF_AppointmentTypes_description] DEFAULT (''),
  [defaultColour] int NOT NULL CONSTRAINT [DF_AppointmentTypes_defaultColour] DEFAULT ((0)),
  [isBackground] bit NOT NULL CONSTRAINT [DF_AppointmentTypes_isBackground] DEFAULT ((0)),
  [isWorkshop] bit NOT NULL CONSTRAINT [DF_AppointmentTypes_isWorkshop] DEFAULT ((0)),
  [isCourse] bit NOT NULL CONSTRAINT [DF_AppointmentTypes_isCourse] DEFAULT ((0)),
  [defaultOverrideColour] int NULL,
  [defaultIcon] int NULL CONSTRAINT [DF_AppointmentTypes_DefaultIcon] DEFAULT (NULL),
  [appointmentTypeGroupID] int NOT NULL CONSTRAINT [DF_AppointmentTypes_appointmentTypeGroupID] DEFAULT ((-1)),
  [ShowInHighlights] bit NOT NULL CONSTRAINT [DF_AppointmentTypes_ShowInHighlights] DEFAULT ((0)),
  [isActive] bit NOT NULL CONSTRAINT [DF_AppointmentTypes_isActive] DEFAULT ((1)),
  [perAppScreenNumsForTabs] varchar(255) NOT NULL CONSTRAINT [DF__Appointme__perAp__6ABAD62E] DEFAULT (''),
  [perJustAppScreenNum] int NOT NULL CONSTRAINT [DF__Appointme__perJu__6BAEFA67] DEFAULT ((0)),
  [iconindex] int NOT NULL CONSTRAINT [DF__Appointme__iconi__6CA31EA0] DEFAULT ((-1)),
  [longdescription] varchar(MAX) NULL CONSTRAINT [DF__Appointme__longd__5689C04F] DEFAULT (''),
  [RequiresRoom] bit NOT NULL CONSTRAINT [DF__Appointme__Requi__16FA1676] DEFAULT ((0))
,  CONSTRAINT [PK_AppointmentTypes] PRIMARY KEY CLUSTERED ([AppTypeID] ASC)
);"
dbo.AppointmentVirtualMeetings,"CREATE TABLE [dbo].[AppointmentVirtualMeetings] (

  [AppointmentVirtualMeetingsId] int IDENTITY(1,1) NOT NULL,
  [FK_AppointmentId] int NOT NULL,
  [VirtualMeetingId] varchar(255) NULL,
  [VirtualMeetingPassword] varchar(255) NULL,
  [VirtualMeetingsType] int NOT NULL CONSTRAINT [DF__Appointme__Virtu__3EF2F937] DEFAULT ((0)),
  [StartUrl] varchar(2000) NULL,
  [JoinUrl] varchar(2000) NULL,
  [FK_HostPersonId] int NULL,
  [HostVideo] bit NULL,
  [ParticipantVideo] bit NOT NULL CONSTRAINT [DF__Appointme__Parti__3FE71D70] DEFAULT ((0)),
  [JoinBeforeHost] bit NOT NULL CONSTRAINT [DF__Appointme__JoinB__40DB41A9] DEFAULT ((0)),
  [MuteUponEntry] bit NOT NULL CONSTRAINT [DF__Appointme__MuteU__41CF65E2] DEFAULT ((0)),
  [WaitingRoom] bit NOT NULL CONSTRAINT [DF__Appointme__Waiti__42C38A1B] DEFAULT ((0)),
  [IsCancelled] bit NOT NULL CONSTRAINT [DF__Appointme__IsCan__43B7AE54] DEFAULT ((0))
,  CONSTRAINT [PK__Appointm__A1D525262E563103] PRIMARY KEY CLUSTERED ([AppointmentVirtualMeetingsId] ASC)
);"
dbo.AppointmentWorkshops,"CREATE TABLE [dbo].[AppointmentWorkshops] (

  [AppWorkshopID] int IDENTITY(1,1) NOT NULL,
  [AppointmentID] int NOT NULL,
  [WorkshopID] int NOT NULL,
  [PublishOnline] bit NOT NULL CONSTRAINT [DF__Appointme__Publi__7FD5EEA5] DEFAULT ((0)),
  [PublishStartRegDateTime] datetime NULL CONSTRAINT [DF__Appointme__Publi__00CA12DE] DEFAULT (NULL),
  [location] varchar(8000) NOT NULL CONSTRAINT [DF__Appointme__locat__2EE5E349] DEFAULT (''),
  [maxattendees] int NOT NULL CONSTRAINT [DF__Appointme__maxat__2FDA0782] DEFAULT ((0))
,  CONSTRAINT [PK_AppointmentWorkshops] PRIMARY KEY CLUSTERED ([AppWorkshopID] ASC)
);"
dbo.AppointmentWorkshopsFastLoad,"CREATE TABLE [dbo].[AppointmentWorkshopsFastLoad] (

  [AppWorkshopID] int NOT NULL,
  [AppointmentID] int NOT NULL,
  [WorkshopID] int NULL,
  [PublishOnline] bit NOT NULL CONSTRAINT [DF__Appointme__Publi__6D6DF0FE] DEFAULT ((0)),
  [PublishStartRegDateTime] datetime NULL CONSTRAINT [DF__Appointme__Publi__6E621537] DEFAULT (NULL),
  [location] varchar(8000) NOT NULL CONSTRAINT [DF__Appointme__locat__6F563970] DEFAULT (''),
  [maxattendees] int NOT NULL CONSTRAINT [DF__Appointme__maxat__704A5DA9] DEFAULT ((0))
,  CONSTRAINT [PK_AppointmentWorkshopsFastLoad] PRIMARY KEY CLUSTERED ([AppWorkshopID] ASC)
);"
dbo.AppPermissions_group_group,"CREATE TABLE [dbo].[AppPermissions_group_group] (

  [groupid_whosSchedule] int NOT NULL,
  [groupid_whosAsking] int NOT NULL,
  [access_level] int NOT NULL
,  CONSTRAINT [PK_AppPermissions_group_group] PRIMARY KEY CLUSTERED ([groupid_whosSchedule] ASC,[groupid_whosAsking] ASC)
);"
dbo.AppPermissions_group_person,"CREATE TABLE [dbo].[AppPermissions_group_person] (

  [groupid_whosSchedule] int NOT NULL,
  [personid_whosAsking] int NOT NULL,
  [access_level] int NOT NULL
,  CONSTRAINT [PK_AppPermissions_group_person] PRIMARY KEY CLUSTERED ([groupid_whosSchedule] ASC,[personid_whosAsking] ASC)
);"
dbo.AppPermissions_person_group,"CREATE TABLE [dbo].[AppPermissions_person_group] (

  [personid_whosSchedule] int NOT NULL,
  [groupid_whosAsking] int NOT NULL,
  [access_level] int NOT NULL
,  CONSTRAINT [PK_AppPermissions_person_group] PRIMARY KEY CLUSTERED ([personid_whosSchedule] ASC,[groupid_whosAsking] ASC)
);"
dbo.AppPermissions_person_person,"CREATE TABLE [dbo].[AppPermissions_person_person] (

  [personid_whosSchedule] int NOT NULL,
  [personid_whosAsking] int NOT NULL,
  [access_level] int NOT NULL
,  CONSTRAINT [PK_AppPermissions_person_person] PRIMARY KEY CLUSTERED ([personid_whosAsking] ASC,[personid_whosSchedule] ASC)
);"
dbo.archive_appointmentCourses,"CREATE TABLE [dbo].[archive_appointmentCourses] (

  [auditaction] char(3) NOT NULL CONSTRAINT [DF__archive_a__audit__480696CE] DEFAULT ('---'),
  [auditdatetime] datetime NOT NULL CONSTRAINT [DF__archive_a__audit__48FABB07] DEFAULT (getdate()),
  [AppointmentID] int NOT NULL,
  [LUCourseID] int NOT NULL,
  [originalStartDateTime] datetime NULL,
  [originalEndDateTime] datetime NULL,
  [testNote] varbinary(MAX) NULL,
  [studentNote] varbinary(MAX) NULL,
  [coursedescription] varchar(MAX) NULL
);"
dbo.archive_appointmentMemos,"CREATE TABLE [dbo].[archive_appointmentMemos] (

  [auditaction] char(3) NOT NULL CONSTRAINT [DF__archive_a__audit__4AE30379] DEFAULT ('---'),
  [auditdatetime] datetime NOT NULL CONSTRAINT [DF__archive_a__audit__4BD727B2] DEFAULT (getdate()),
  [AppointmentID] int NOT NULL,
  [memoText] varbinary(MAX) NULL,
  [isEncrypted] bit NOT NULL CONSTRAINT [DF__archive_a__isEnc__4CCB4BEB] DEFAULT ((0))
);"
dbo.archive_appointments,"CREATE TABLE [dbo].[archive_appointments] (

  [auditaction] char(3) NOT NULL CONSTRAINT [DF__archive_a__audit__33FF9E21] DEFAULT ('---'),
  [auditdatetime] datetime NOT NULL CONSTRAINT [DF__archive_a__audit__34F3C25A] DEFAULT (getdate()),
  [AppointmentID] int NOT NULL CONSTRAINT [DF__archive_a__Appoi__35E7E693] DEFAULT ((0)),
  [AppTypeID] int NOT NULL,
  [startDate] datetime NOT NULL,
  [endDate] datetime NOT NULL,
  [cancelled] bit NOT NULL CONSTRAINT [DF__archive_a__cance__36DC0ACC] DEFAULT ((0)),
  [dateAdded] datetime NOT NULL,
  [personID] int NOT NULL,
  [isHidden] bit NOT NULL CONSTRAINT [DF__archive_a__isHid__37D02F05] DEFAULT ((0)),
  [isLocked] bit NOT NULL CONSTRAINT [DF__archive_a__isLoc__38C4533E] DEFAULT ((0)),
  [extraAttendeesCount] int NOT NULL CONSTRAINT [DF__archive_a__extra__39B87777] DEFAULT ((0)),
  [appCode] int NOT NULL CONSTRAINT [DF__archive_a__appCo__3AAC9BB0] DEFAULT ((0)),
  [groupCode] int NOT NULL CONSTRAINT [DF__archive_a__group__3BA0BFE9] DEFAULT ((-1)),
  [subject] varbinary(8000) NULL CONSTRAINT [DF__archive_a__subje__3C94E422] DEFAULT (NULL),
  [location] varbinary(8000) NULL CONSTRAINT [DF__archive_a__locat__3D89085B] DEFAULT (NULL),
  [examid] int NULL CONSTRAINT [DF__archive_a__exami__3E7D2C94] DEFAULT (NULL),
  [caseid] int NULL CONSTRAINT [DF__archive_a__casei__3F7150CD] DEFAULT (NULL),
  [totalbreakminutes] int NOT NULL CONSTRAINT [DF__archive_a__total__40657506] DEFAULT ((0)),
  [sittingid] int NULL CONSTRAINT [DF__archive_a__sitti__4159993F] DEFAULT (NULL),
  [ExtraInfo] varchar(MAX) NOT NULL CONSTRAINT [DF__archive_a__Extra__10A1534B] DEFAULT ('')
);"
dbo.archive_appointmentWorkshops,"CREATE TABLE [dbo].[archive_appointmentWorkshops] (

  [auditaction] char(3) NOT NULL CONSTRAINT [DF__archive_a__audit__4EB3945D] DEFAULT ('---'),
  [auditdatetime] datetime NOT NULL CONSTRAINT [DF__archive_a__audit__4FA7B896] DEFAULT (getdate()),
  [AppointmentID] int NOT NULL,
  [WorkshopID] int NOT NULL,
  [PublishOnline] bit NOT NULL CONSTRAINT [DF__archive_a__Publi__509BDCCF] DEFAULT ((0)),
  [location] varchar(8000) NOT NULL CONSTRAINT [DF__archive_a__locat__51900108] DEFAULT (''),
  [maxattendees] int NOT NULL CONSTRAINT [DF__archive_a__maxat__52842541] DEFAULT ((0))
);"
dbo.archive_attendees,"CREATE TABLE [dbo].[archive_attendees] (

  [auditaction] char(3) NOT NULL CONSTRAINT [DF__archive_a__audit__4341E1B1] DEFAULT ('---'),
  [auditdatetime] datetime NOT NULL CONSTRAINT [DF__archive_a__audit__443605EA] DEFAULT (getdate()),
  [PersonID] int NOT NULL,
  [AppointmentID] int NOT NULL,
  [noShow] bit NOT NULL CONSTRAINT [DF__archive_a__noSho__452A2A23] DEFAULT ((0)),
  [miscCode] int NOT NULL CONSTRAINT [DF__archive_a__miscC__461E4E5C] DEFAULT ((-1))
);"
dbo.archive_DateTimeInfoAccommodationPS,"CREATE TABLE [dbo].[archive_DateTimeInfoAccommodationPS] (

  [ArchiveDataId] int IDENTITY(1,1) NOT NULL,
  [dateentered] datetime NOT NULL CONSTRAINT [DF__archive_D__datee__77168B72] DEFAULT (getdate()),
  [wasdeleted] bit NOT NULL CONSTRAINT [DF__archive_D__wasde__780AAFAB] DEFAULT ((0)),
  [personid] int NOT NULL,
  [lucourseid] int NOT NULL,
  [controlid] int NOT NULL,
  [newcontrolvalue] datetime NULL
,  CONSTRAINT [PK__archive___C7869C7DE7534F8C] PRIMARY KEY CLUSTERED ([ArchiveDataId] ASC)
);"
dbo.archive_datetimeinfops,"CREATE TABLE [dbo].[archive_datetimeinfops] (

  [personid] int NOT NULL,
  [controlid] int NOT NULL,
  [controlvalue] datetime NULL,
  [dateentered] datetime NOT NULL CONSTRAINT [DF__archive_d__datee__60BD35FF] DEFAULT (getdate()),
  [whoentered] int NULL CONSTRAINT [DF__archive_d__whoen__61B15A38] DEFAULT (NULL)
);"
dbo.archive_exams,"CREATE TABLE [dbo].[archive_exams] (

  [auditaction] char(3) NOT NULL CONSTRAINT [DF__archive_e__audit__546C6DB3] DEFAULT ('---'),
  [auditdatetime] datetime NOT NULL CONSTRAINT [DF__archive_e__audit__556091EC] DEFAULT (getdate()),
  [examid] int NOT NULL CONSTRAINT [DF__archive_e__exami__5654B625] DEFAULT ((0)),
  [dateentered] datetime NULL CONSTRAINT [DF__archive_e__datee__5748DA5E] DEFAULT (getdate()),
  [whoentered] int NOT NULL,
  [lucourseid] int NOT NULL,
  [coursedescription] varchar(8000) NULL CONSTRAINT [DF__archive_e__cours__583CFE97] DEFAULT (''),
  [description] text NULL CONSTRAINT [DF__archive_e__descr__593122D0] DEFAULT (''),
  [dateoftest] datetime NULL CONSTRAINT [DF__archive_e__dateo__5A254709] DEFAULT (getdate()),
  [visible] bit NULL CONSTRAINT [DF__archive_e__visib__5B196B42] DEFAULT ((1)),
  [usercomment] text NULL CONSTRAINT [DF__archive_e__userc__5C0D8F7B] DEFAULT (''),
  [typecode] char(1) NOT NULL CONSTRAINT [DF__archive_e__typec__5D01B3B4] DEFAULT (' ')
);"
dbo.archive_imageinfops,"CREATE TABLE [dbo].[archive_imageinfops] (

  [personid] int NOT NULL,
  [controlid] int NOT NULL,
  [controlvalue] image NULL,
  [dateentered] datetime NOT NULL CONSTRAINT [DF__archive_i__datee__6399A2AA] DEFAULT (getdate()),
  [whoentered] int NULL CONSTRAINT [DF__archive_i__whoen__648DC6E3] DEFAULT (NULL)
);"
dbo.archive_MainInfoAccommodationPS,"CREATE TABLE [dbo].[archive_MainInfoAccommodationPS] (

  [ArchiveDataId] int IDENTITY(1,1) NOT NULL,
  [dateentered] datetime NOT NULL CONSTRAINT [DF__archive_M__datee__6F7569AA] DEFAULT (getdate()),
  [wasdeleted] bit NOT NULL CONSTRAINT [DF__archive_M__wasde__70698DE3] DEFAULT ((0)),
  [personid] int NOT NULL,
  [lucourseid] int NOT NULL,
  [controlid] int NOT NULL,
  [newcontrolvalue] int NULL
,  CONSTRAINT [PK__archive___C7869C7DBCB2FB2D] PRIMARY KEY CLUSTERED ([ArchiveDataId] ASC)
);"
dbo.archive_maininfops,"CREATE TABLE [dbo].[archive_maininfops] (

  [personid] int NOT NULL,
  [controlid] int NOT NULL,
  [controlvalue] int NULL,
  [dateentered] datetime NOT NULL CONSTRAINT [DF__archive_m__datee__5DE0C954] DEFAULT (getdate()),
  [whoentered] int NULL CONSTRAINT [DF__archive_m__whoen__5ED4ED8D] DEFAULT (NULL)
);"
dbo.archive_OtherInfoAccommodationPS,"CREATE TABLE [dbo].[archive_OtherInfoAccommodationPS] (

  [ArchiveDataId] int IDENTITY(1,1) NOT NULL,
  [dateentered] datetime NOT NULL CONSTRAINT [DF__archive_O__datee__7345FA8E] DEFAULT (getdate()),
  [wasdeleted] bit NOT NULL CONSTRAINT [DF__archive_O__wasde__743A1EC7] DEFAULT ((0)),
  [personid] int NOT NULL,
  [lucourseid] int NOT NULL,
  [controlid] int NOT NULL,
  [newcontrolvalue] varbinary(MAX) NULL
,  CONSTRAINT [PK__archive___C7869C7DFF5AB14D] PRIMARY KEY CLUSTERED ([ArchiveDataId] ASC)
);"
dbo.archive_otherinfops,"CREATE TABLE [dbo].[archive_otherinfops] (

  [personid] int NOT NULL,
  [controlid] int NOT NULL,
  [controlvalue] varbinary(MAX) NULL,
  [dateentered] datetime NOT NULL CONSTRAINT [DF__archive_o__datee__5B045CA9] DEFAULT (getdate()),
  [whoentered] int NULL CONSTRAINT [DF__archive_o__whoen__5BF880E2] DEFAULT (NULL)
);"
dbo.AT_item,"CREATE TABLE [dbo].[AT_item] (

  [itemid] int IDENTITY(1,1) NOT NULL,
  [groupmembershipcode] varchar(3000) NOT NULL CONSTRAINT [DF__AT_item__groupme__03A67F89] DEFAULT (''),
  [itemtitle] varchar(2500) NOT NULL CONSTRAINT [DF__AT_item__itemtit__049AA3C2] DEFAULT (''),
  [itemdescription] text NOT NULL CONSTRAINT [DF__AT_item__itemdes__058EC7FB] DEFAULT (''),
  [itemnote] text NOT NULL CONSTRAINT [DF__AT_item__itemnot__0682EC34] DEFAULT (''),
  [isactive] bit NOT NULL CONSTRAINT [DF__AT_item__isactiv__0777106D] DEFAULT ((1))
,  CONSTRAINT [PK__AT_item__56A22C92F48935A0] PRIMARY KEY CLUSTERED ([itemid] ASC)
);"
dbo.AT_quote,"CREATE TABLE [dbo].[AT_quote] (

  [quoteid] int IDENTITY(1,1) NOT NULL,
  [personid] int NOT NULL,
  [dategenerated] datetime NOT NULL CONSTRAINT [DF__AT_quote__datege__2AC04CAA] DEFAULT (getdate()),
  [whogenerated] int NULL,
  [quotenote] text NOT NULL CONSTRAINT [DF__AT_quote__quoten__2BB470E3] DEFAULT ('')
,  CONSTRAINT [PK__AT_quote__C775863BC87E4ED1] PRIMARY KEY CLUSTERED ([quoteid] ASC)
);"
dbo.AT_quoteitem,"CREATE TABLE [dbo].[AT_quoteitem] (

  [quoteitemid] int IDENTITY(1,1) NOT NULL,
  [quoteid] int NOT NULL,
  [itemid] int NOT NULL,
  [vendorid] int NOT NULL,
  [cost] decimal(10,2) NULL,
  [quantity] int NOT NULL CONSTRAINT [DF__AT_quotei__quant__26EFBBC6] DEFAULT ((1)),
  [quoteitemnote] text NOT NULL CONSTRAINT [DF__AT_quotei__quote__27E3DFFF] DEFAULT ('')
,  CONSTRAINT [PK__AT_quote__BEF2CC2ACBCF9CEF] PRIMARY KEY CLUSTERED ([quoteitemid] ASC)
);"
dbo.AT_vendor,"CREATE TABLE [dbo].[AT_vendor] (

  [vendorid] int IDENTITY(1,1) NOT NULL,
  [vendortitle] varchar(2500) NOT NULL CONSTRAINT [DF__AT_vendor__vendo__12E8C319] DEFAULT (''),
  [vendordescription] text NOT NULL CONSTRAINT [DF__AT_vendor__vendo__13DCE752] DEFAULT (''),
  [vendornote] text NOT NULL CONSTRAINT [DF__AT_vendor__vendo__14D10B8B] DEFAULT (''),
  [vendoraddress] text NOT NULL CONSTRAINT [DF__AT_vendor__vendo__15C52FC4] DEFAULT (''),
  [vendorphone1] varchar(255) NOT NULL CONSTRAINT [DF__AT_vendor__vendo__16B953FD] DEFAULT (''),
  [vendorphone2] varchar(255) NOT NULL CONSTRAINT [DF__AT_vendor__vendo__17AD7836] DEFAULT (''),
  [vendoremail] varchar(255) NOT NULL CONSTRAINT [DF__AT_vendor__vendo__18A19C6F] DEFAULT (''),
  [vendorwebsiteurl] text NOT NULL CONSTRAINT [DF__AT_vendor__vendo__1995C0A8] DEFAULT (''),
  [isactive] bit NOT NULL CONSTRAINT [DF__AT_vendor__isact__1A89E4E1] DEFAULT ((1))
,  CONSTRAINT [PK__AT_vendo__EC64C0BB04A45AC1] PRIMARY KEY CLUSTERED ([vendorid] ASC)
);"
dbo.AT_vendorcontact,"CREATE TABLE [dbo].[AT_vendorcontact] (

  [vendorcontactid] int IDENTITY(1,1) NOT NULL,
  [vendorid] int NOT NULL,
  [contactname] varchar(2500) NOT NULL CONSTRAINT [DF__AT_vendor__conta__1D66518C] DEFAULT (''),
  [contacttitle] varchar(2500) NOT NULL CONSTRAINT [DF__AT_vendor__conta__1E5A75C5] DEFAULT (''),
  [contactphone1] varchar(255) NOT NULL CONSTRAINT [DF__AT_vendor__conta__1F4E99FE] DEFAULT (''),
  [contactphone2] varchar(255) NOT NULL CONSTRAINT [DF__AT_vendor__conta__2042BE37] DEFAULT (''),
  [contactemail] varchar(255) NOT NULL CONSTRAINT [DF__AT_vendor__conta__2136E270] DEFAULT (''),
  [contactnote] text NOT NULL CONSTRAINT [DF__AT_vendor__conta__222B06A9] DEFAULT (''),
  [contactusername] varchar(255) NOT NULL CONSTRAINT [DF__AT_vendor__conta__231F2AE2] DEFAULT (''),
  [contactpass] varchar(255) NOT NULL CONSTRAINT [DF__AT_vendor__conta__24134F1B] DEFAULT ('')
,  CONSTRAINT [PK__AT_vendo__D7CD098B6A2124BC] PRIMARY KEY CLUSTERED ([vendorcontactid] ASC)
);"
dbo.AT_vendoritem,"CREATE TABLE [dbo].[AT_vendoritem] (

  [vendoritemid] int IDENTITY(1,1) NOT NULL,
  [vendorid] int NOT NULL,
  [itemid] int NOT NULL,
  [cost] decimal(10,2) NOT NULL CONSTRAINT [DF__AT_vendori__cost__0A537D18] DEFAULT ((0)),
  [tax1] decimal(5,2) NOT NULL CONSTRAINT [DF__AT_vendori__tax1__0B47A151] DEFAULT ((0)),
  [tax2] decimal(5,2) NOT NULL CONSTRAINT [DF__AT_vendori__tax2__0C3BC58A] DEFAULT ((0)),
  [salecost] decimal(10,2) NOT NULL CONSTRAINT [DF__AT_vendor__salec__0D2FE9C3] DEFAULT ((0)),
  [saleexpirydate] datetime NULL CONSTRAINT [DF__AT_vendor__salee__0E240DFC] DEFAULT (NULL),
  [shippingcost] decimal(10,2) NOT NULL CONSTRAINT [DF__AT_vendor__shipp__0F183235] DEFAULT ((0)),
  [isactive] bit NOT NULL CONSTRAINT [DF__AT_vendor__isact__100C566E] DEFAULT ((1))
,  CONSTRAINT [PK__AT_vendo__7694C6FCADB053FC] PRIMARY KEY CLUSTERED ([vendoritemid] ASC)
);"
dbo.AT2_item,"CREATE TABLE [dbo].[AT2_item] (

  [itemid] int IDENTITY(1,1) NOT NULL,
  [personid] int NULL CONSTRAINT [DF__AT2_item__person__457442E6] DEFAULT (NULL),
  [category] varchar(2000) NOT NULL CONSTRAINT [DF__AT2_item__catego__4668671F] DEFAULT (''),
  [title] varchar(2000) NOT NULL CONSTRAINT [DF__AT2_item__title__475C8B58] DEFAULT (''),
  [vendor] varchar(2000) NOT NULL CONSTRAINT [DF__AT2_item__vendor__4850AF91] DEFAULT (''),
  [cost] decimal(10,2) NOT NULL CONSTRAINT [DF__AT2_item__cost__4944D3CA] DEFAULT ((0)),
  [whoadded] int NULL CONSTRAINT [DF__AT2_item__whoadd__4A38F803] DEFAULT (NULL),
  [dateadded] datetime NULL CONSTRAINT [DF__AT2_item__datead__4B2D1C3C] DEFAULT (getdate()),
  [description] text NOT NULL CONSTRAINT [DF__AT2_item__descri__4C214075] DEFAULT (''),
  [note] text NOT NULL CONSTRAINT [DF__AT2_item__note__4D1564AE] DEFAULT ('')
,  CONSTRAINT [PK__AT2_item__56A22C92801FE059] PRIMARY KEY CLUSTERED ([itemid] ASC)
);"
dbo.AT2_lookupitem,"CREATE TABLE [dbo].[AT2_lookupitem] (

  [itemid] int IDENTITY(1,1) NOT NULL,
  [category] varchar(2000) NOT NULL CONSTRAINT [DF__AT2_looku__categ__381A47C8] DEFAULT (''),
  [title] varchar(2000) NOT NULL CONSTRAINT [DF__AT2_looku__title__390E6C01] DEFAULT (''),
  [vendor] varchar(2000) NOT NULL CONSTRAINT [DF__AT2_looku__vendo__3A02903A] DEFAULT (''),
  [cost] decimal(10,2) NOT NULL CONSTRAINT [DF__AT2_lookup__cost__3AF6B473] DEFAULT ((0)),
  [whoadded] int NULL CONSTRAINT [DF__AT2_looku__whoad__3BEAD8AC] DEFAULT (NULL),
  [dateadded] datetime NULL CONSTRAINT [DF__AT2_looku__datea__3CDEFCE5] DEFAULT (getdate()),
  [isactive] bit NOT NULL CONSTRAINT [DF__AT2_looku__isact__3DD3211E] DEFAULT ((1)),
  [description] text NOT NULL CONSTRAINT [DF__AT2_looku__descr__3EC74557] DEFAULT ('')
,  CONSTRAINT [PK__AT2_look__56A22C92CE62A8BC] PRIMARY KEY CLUSTERED ([itemid] ASC)
);"
dbo.AT2_lookupitemgroup,"CREATE TABLE [dbo].[AT2_lookupitemgroup] (

  [itemgroupid] int IDENTITY(1,1) NOT NULL,
  [groupname] varchar(2000) NOT NULL CONSTRAINT [DF__AT2_looku__group__63F8CA06] DEFAULT (''),
  [whoadded] int NULL CONSTRAINT [DF__AT2_looku__whoad__64ECEE3F] DEFAULT (NULL),
  [dateadded] datetime NULL CONSTRAINT [DF__AT2_looku__datea__65E11278] DEFAULT (getdate()),
  [isactive] bit NOT NULL CONSTRAINT [DF__AT2_looku__isact__66D536B1] DEFAULT ((1)),
  [description] text NOT NULL CONSTRAINT [DF__AT2_looku__descr__67C95AEA] DEFAULT ('')
,  CONSTRAINT [PK__AT2_look__60215D4B283C73F3] PRIMARY KEY CLUSTERED ([itemgroupid] ASC)
);"
dbo.AT2_lookupitemgroupitems,"CREATE TABLE [dbo].[AT2_lookupitemgroupitems] (

  [itemgroupid] int NOT NULL CONSTRAINT [DF__AT2_looku__itemg__6AA5C795] DEFAULT (NULL),
  [itemid] int NOT NULL CONSTRAINT [DF__AT2_looku__itemi__6B99EBCE] DEFAULT (NULL)
,  CONSTRAINT [PK__AT2_look__554B7F825E44086C] PRIMARY KEY CLUSTERED ([itemgroupid] ASC,[itemid] ASC)
);"
dbo.AT2_quote,"CREATE TABLE [dbo].[AT2_quote] (

  [quoteid] int IDENTITY(1,1) NOT NULL,
  [personid] int NULL CONSTRAINT [DF__AT2_quote__perso__4FF1D159] DEFAULT (NULL),
  [deliverydescription] text NOT NULL CONSTRAINT [DF__AT2_quote__deliv__50E5F592] DEFAULT (''),
  [deliverycost] decimal(10,2) NOT NULL CONSTRAINT [DF__AT2_quote__deliv__51DA19CB] DEFAULT ((0)),
  [whoadded] int NULL CONSTRAINT [DF__AT2_quote__whoad__52CE3E04] DEFAULT (NULL),
  [dateadded] datetime NULL CONSTRAINT [DF__AT2_quote__datea__53C2623D] DEFAULT (getdate()),
  [description] text NOT NULL CONSTRAINT [DF__AT2_quote__descr__54B68676] DEFAULT (''),
  [note] text NOT NULL CONSTRAINT [DF__AT2_quote__note__55AAAAAF] DEFAULT ('')
,  CONSTRAINT [PK__AT2_quot__C775863BC69E61BE] PRIMARY KEY CLUSTERED ([quoteid] ASC)
);"
dbo.AT2_quoteitem,"CREATE TABLE [dbo].[AT2_quoteitem] (

  [quoteitemid] int IDENTITY(1,1) NOT NULL,
  [quoteid] int NULL CONSTRAINT [DF__AT2_quote__quote__5887175A] DEFAULT (NULL),
  [category] varchar(2000) NOT NULL CONSTRAINT [DF__AT2_quote__categ__597B3B93] DEFAULT (''),
  [title] varchar(2000) NOT NULL CONSTRAINT [DF__AT2_quote__title__5A6F5FCC] DEFAULT (''),
  [vendor] varchar(2000) NOT NULL CONSTRAINT [DF__AT2_quote__vendo__5B638405] DEFAULT (''),
  [cost] decimal(10,2) NOT NULL CONSTRAINT [DF__AT2_quotei__cost__5C57A83E] DEFAULT ((0)),
  [whoadded] int NULL CONSTRAINT [DF__AT2_quote__whoad__5D4BCC77] DEFAULT (NULL),
  [dateadded] datetime NULL CONSTRAINT [DF__AT2_quote__datea__5E3FF0B0] DEFAULT (getdate()),
  [description] text NOT NULL CONSTRAINT [DF__AT2_quote__descr__5F3414E9] DEFAULT (''),
  [note] text NOT NULL CONSTRAINT [DF__AT2_quotei__note__60283922] DEFAULT (''),
  [ordernum] int NOT NULL CONSTRAINT [DF__AT2_quote__order__611C5D5B] DEFAULT ((0))
,  CONSTRAINT [PK__AT2_quot__BEF2CC2AF8C2B527] PRIMARY KEY CLUSTERED ([quoteitemid] ASC)
);"
dbo.AT2_templates,"CREATE TABLE [dbo].[AT2_templates] (

  [templateid] int IDENTITY(1,1) NOT NULL,
  [description] varchar(3000) NOT NULL CONSTRAINT [DF__AT2_templ__descr__41A3B202] DEFAULT (''),
  [itemids] varchar(7000) NOT NULL CONSTRAINT [DF__AT2_templ__itemi__4297D63B] DEFAULT ('')
,  CONSTRAINT [PK__AT2_temp__530E2428EE2F7ACA] PRIMARY KEY CLUSTERED ([templateid] ASC)
);"
dbo.Attendees,"CREATE TABLE [dbo].[Attendees] (

  [AttendeeID] int IDENTITY(1,1) NOT NULL,
  [PersonID] int NOT NULL,
  [AppointmentID] int NOT NULL,
  [noShow] bit NOT NULL CONSTRAINT [DF_Attendees_noShow] DEFAULT ((0)),
  [miscCode] int NOT NULL CONSTRAINT [DF_Attendees_miscCode] DEFAULT ((-1))
,  CONSTRAINT [PK_Attendees] PRIMARY KEY CLUSTERED ([AttendeeID] ASC)
);"
dbo.AttendeesFastLoad,"CREATE TABLE [dbo].[AttendeesFastLoad] (

  [AttendeeID] int NOT NULL,
  [PersonID] int NOT NULL,
  [AppointmentID] int NOT NULL,
  [noShow] bit NOT NULL CONSTRAINT [DF__Attendees__noSho__49309088] DEFAULT ((0)),
  [miscCode] int NOT NULL CONSTRAINT [DF__Attendees__miscC__4A24B4C1] DEFAULT ((-1))
,  CONSTRAINT [PK_AttendeesFastLoad] PRIMARY KEY CLUSTERED ([AttendeeID] ASC)
);"
dbo.AuditLogAdmin,"CREATE TABLE [dbo].[AuditLogAdmin] (

  [dateentered] datetime NULL CONSTRAINT [DF__AuditLogA__datee__0E7913B7] DEFAULT (getdate()),
  [actiongroupcode] int NULL CONSTRAINT [DF__AuditLogA__actio__0F6D37F0] DEFAULT ((0)),
  [actioncode] int NULL CONSTRAINT [DF__AuditLogA__actio__10615C29] DEFAULT ((0)),
  [personid] int NOT NULL,
  [studentpid] int NULL CONSTRAINT [DF__AuditLogA__stude__11558062] DEFAULT (NULL),
  [controlid] int NULL CONSTRAINT [DF__AuditLogA__contr__1249A49B] DEFAULT (NULL),
  [details] varbinary(8000) NULL CONSTRAINT [DF__AuditLogA__detai__133DC8D4] DEFAULT (NULL)
);"
dbo.AuditLogStaff,"CREATE TABLE [dbo].[AuditLogStaff] (

  [dateentered] datetime NULL CONSTRAINT [DF__AuditLogS__datee__15261146] DEFAULT (getdate()),
  [actiongroupcode] int NULL CONSTRAINT [DF__AuditLogS__actio__161A357F] DEFAULT ((0)),
  [actioncode] int NULL CONSTRAINT [DF__AuditLogS__actio__170E59B8] DEFAULT ((0)),
  [personid] int NOT NULL,
  [studentpid] int NULL CONSTRAINT [DF__AuditLogS__stude__18027DF1] DEFAULT (NULL),
  [controlid] int NULL CONSTRAINT [DF__AuditLogS__contr__18F6A22A] DEFAULT (NULL),
  [details] varbinary(8000) NULL CONSTRAINT [DF__AuditLogS__detai__19EAC663] DEFAULT (NULL)
);"
dbo.AuditLogWeb,"CREATE TABLE [dbo].[AuditLogWeb] (

  [dateentered] datetime NULL CONSTRAINT [DF__AuditLogW__datee__1BD30ED5] DEFAULT (getdate()),
  [actiongroupcode] int NULL CONSTRAINT [DF__AuditLogW__actio__1CC7330E] DEFAULT ((0)),
  [actioncode] int NULL CONSTRAINT [DF__AuditLogW__actio__1DBB5747] DEFAULT ((0)),
  [personid] int NOT NULL,
  [studentpid] int NULL CONSTRAINT [DF__AuditLogW__stude__1EAF7B80] DEFAULT (NULL),
  [controlid] int NULL CONSTRAINT [DF__AuditLogW__contr__1FA39FB9] DEFAULT (NULL),
  [details] varbinary(8000) NULL CONSTRAINT [DF__AuditLogW__detai__2097C3F2] DEFAULT (NULL)
);"
dbo.Availability2Items,"CREATE TABLE [dbo].[Availability2Items] (

  [Availability2ItemId] int IDENTITY(1,1) NOT NULL,
  [personid] int NOT NULL,
  [startdatetime] datetime NOT NULL,
  [enddatetime] datetime NOT NULL,
  [appointmentid] int NULL CONSTRAINT [DF__Availabil__appoi__7B5130AA] DEFAULT (NULL),
  [colourargb] int NULL CONSTRAINT [DF__Availabil__colou__7C4554E3] DEFAULT (NULL),
  [note] varchar(MAX) NOT NULL CONSTRAINT [DF__Availabili__note__7D39791C] DEFAULT (''),
  [isactive] bit NOT NULL CONSTRAINT [DF__Availabil__isact__7E2D9D55] DEFAULT ((1)),
  [isavailable] bit NOT NULL CONSTRAINT [DF__Availabil__isava__7F21C18E] DEFAULT ((1))
,  CONSTRAINT [PK__Availabi__F4BDCC596DE68A9C] PRIMARY KEY CLUSTERED ([Availability2ItemId] ASC)
);"
dbo.Availability2ItemsClosedDays,"CREATE TABLE [dbo].[Availability2ItemsClosedDays] (

  [Availability2ItemsClosedDaysId] int IDENTITY(1,1) NOT NULL,
  [personid] int NOT NULL,
  [dateclosed] datetime NOT NULL,
  [note] varchar(MAX) NOT NULL CONSTRAINT [DF__Availabili__note__01FE2E39] DEFAULT ('')
,  CONSTRAINT [PK__Availabi__2DB8504B905E8848] PRIMARY KEY CLUSTERED ([Availability2ItemsClosedDaysId] ASC)
);"
dbo.Availability2Marker,"CREATE TABLE [dbo].[Availability2Marker] (

  [Availability2MarkerId] int IDENTITY(1,1) NOT NULL,
  [MarkerText] varchar(8000) NOT NULL CONSTRAINT [DF__Availabil__Marke__5F3F01E1] DEFAULT (''),
  [MarkerColourArgB] int NULL CONSTRAINT [DF__Availabil__Marke__6033261A] DEFAULT (NULL),
  [MarkerOrderNum] int NOT NULL CONSTRAINT [DF__Availabil__Marke__61274A53] DEFAULT ((0))
,  CONSTRAINT [PK__Availabi__FD8DCBEB3BF34D11] PRIMARY KEY CLUSTERED ([Availability2MarkerId] ASC)
);"
dbo.AvailabilityGroup,"CREATE TABLE [dbo].[AvailabilityGroup] (

  [availabilitygroupid] int IDENTITY(1,1) NOT NULL,
  [availabilitytitle] varchar(255) NOT NULL,
  [availabilitydescription] text NOT NULL CONSTRAINT [DF__Availabil__avail__2645B050] DEFAULT (''),
  [colour] int NOT NULL CONSTRAINT [DF__Availabil__colou__2739D489] DEFAULT ((0)),
  [pattern] int NOT NULL CONSTRAINT [DF__Availabil__patte__46DD686B] DEFAULT ((0))
,  CONSTRAINT [PK__Availabi__1A1DE33EFEA81A3E] PRIMARY KEY CLUSTERED ([availabilitygroupid] ASC)
);"
dbo.AvailabilitySchedule,"CREATE TABLE [dbo].[AvailabilitySchedule] (

  [personid] int NOT NULL,
  [availabilitydate] datetime NOT NULL,
  [availabilitygroupid] int NOT NULL CONSTRAINT [DF__Availabil__avail__558AAF1E] DEFAULT ((1)),
  [availabilitysubcode] int NOT NULL CONSTRAINT [DF__Availabil__avail__567ED357] DEFAULT ((0)),
  [availability] binary(36) NOT NULL,
  [availabilityscheduleid] int IDENTITY(1,1) NOT NULL,
  [AvailabilityBoundaries] binary(36) NULL
,  CONSTRAINT [PK__Availabi__0FDA9B4AE4F3D4B5] PRIMARY KEY CLUSTERED ([availabilityscheduleid] ASC)
);"
dbo.cache_lucourses_simplifiedCrosslisted,"CREATE TABLE [dbo].[cache_lucourses_simplifiedCrosslisted] (

  [lucourseid] int NULL,
  [startdate] datetime NULL,
  [enddate] datetime NULL,
  [duration] varchar(500) NULL,
  [term] varchar(500) NULL,
  [subjectid] int NULL,
  [course] varchar(500) NULL,
  [timeofday] varchar(10) NULL,
  [section] varchar(500) NULL,
  [instructorid] int NULL,
  [crosslistequivalentcode] int NULL,
  [subject] varchar(100) NULL,
  [instructor] varchar(250) NULL,
  [instructoremail] varchar(150) NULL,
  [instructorphone] varchar(50) NULL,
  [session] varchar(100) NULL
);"
dbo.CacheByUser,"CREATE TABLE [dbo].[CacheByUser] (

  [UserID] int NOT NULL,
  [ItemKey] varchar(250) NOT NULL,
  [ItemValue] varbinary(MAX) NOT NULL,
  [Expiry] datetime NULL CONSTRAINT [DF__CacheByUs__Expir__310E22DD] DEFAULT (NULL),
  [timestamp] datetime NOT NULL CONSTRAINT [DF__CacheByUs__times__55D65E8F] DEFAULT (getdate())
,  CONSTRAINT [PK_CacheByUser_1] PRIMARY KEY CLUSTERED ([UserID] ASC,[ItemKey] ASC)
);"
dbo.caching_AccommodationsModified_deprecated,"CREATE TABLE [dbo].[caching_AccommodationsModified_deprecated] (

  [personid] int NOT NULL,
  [lucourseid] int NOT NULL,
  [lastdatemodified] datetime NOT NULL CONSTRAINT [DF__Caching_A__lastd__114071C9] DEFAULT (getdate()),
  [modifiedid] int IDENTITY(1,1) NOT NULL
,  CONSTRAINT [pk_modifiedid] PRIMARY KEY CLUSTERED ([modifiedid] ASC)
);"
dbo.Caching_Appointments,"CREATE TABLE [dbo].[Caching_Appointments] (

  [appointmentid] int NOT NULL,
  [roompid] int NULL CONSTRAINT [DF__Caching_A__roomp__1BBE003C] DEFAULT (NULL)
,  CONSTRAINT [PK__Caching___D0666126C9EF978A] PRIMARY KEY CLUSTERED ([appointmentid] ASC)
);"
dbo.Caching_Students,"CREATE TABLE [dbo].[Caching_Students] (

  [personid] int NOT NULL,
  [counsellorpid] int NULL CONSTRAINT [DF__Caching_S__couns__17ED6F58] DEFAULT (NULL)
,  CONSTRAINT [PK__Caching___EC7C617544C077F9] PRIMARY KEY CLUSTERED ([personid] ASC)
);"
dbo.CalendarSync_ExternalAppointmentAttendees,"CREATE TABLE [dbo].[CalendarSync_ExternalAppointmentAttendees] (

  [ExtAppAttendeeId] int IDENTITY(1,1) NOT NULL,
  [ExtAppId] varchar(2000) NOT NULL,
  [AttendeeId] varchar(2000) NOT NULL,
  [AttendeeName] varchar(500) NULL,
  [IsOrganizer] bit NOT NULL CONSTRAINT [DF__CalendarS__IsOrg__52F9F1E4] DEFAULT ((0))
,  CONSTRAINT [PK_CalendarSync_ExternalAppointmentAttendees_ExtAppAttendeeId] PRIMARY KEY CLUSTERED ([ExtAppAttendeeId] ASC)
);"
dbo.CalendarSync_ExternalAppointmentInfo,"CREATE TABLE [dbo].[CalendarSync_ExternalAppointmentInfo] (

  [ExtAppInfoId] int IDENTITY(1,1) NOT NULL,
  [ExtAppId] varchar(2000) NOT NULL,
  [Subject] varchar(2000) NULL,
  [Memo] varbinary(MAX) NULL,
  [Location] varchar(500) NULL,
  [StartDate] datetime NOT NULL,
  [EndDate] datetime NOT NULL,
  [IsPrivate] bit NOT NULL CONSTRAINT [DF__CalendarS__IsPri__4D41188E] DEFAULT ((0)),
  [IsRecurring] bit NOT NULL CONSTRAINT [DF__CalendarS__IsRec__4E353CC7] DEFAULT ((0)),
  [IsAllDayEvent] bit NOT NULL CONSTRAINT [DF__CalendarS__IsAll__4F296100] DEFAULT ((0)),
  [Organizer] varchar(500) NULL,
  [LastModifiedDate] datetime NOT NULL,
  [CreationDatetime] datetime NULL,
  [Timestamp] datetime NOT NULL CONSTRAINT [DF__CalendarS__Times__501D8539] DEFAULT ([dbo].[GetLocalDate](DEFAULT))
,  CONSTRAINT [PK__Calendar__2934377A058B8EDF] PRIMARY KEY CLUSTERED ([ExtAppInfoId] ASC)
);"
dbo.CampusLookup,"CREATE TABLE [dbo].[CampusLookup] (

  [CampusId] int NOT NULL,
  [CampusName] varchar(500) NOT NULL CONSTRAINT [DF__CampusLoo__Campu__76CC72AF] DEFAULT (''),
  [CampusDescription] varchar(MAX) NOT NULL CONSTRAINT [DF__CampusLoo__Campu__77C096E8] DEFAULT (''),
  [IsActive] bit NOT NULL CONSTRAINT [DF__CampusLoo__IsAct__78B4BB21] DEFAULT ((1)),
  [OrderNum] int NOT NULL CONSTRAINT [DF__CampusLoo__Order__79A8DF5A] DEFAULT ((0))
,  CONSTRAINT [PK__CampusLo__FD598DD64E4D14F4] PRIMARY KEY CLUSTERED ([CampusId] ASC)
);"
dbo.CancelReason,"CREATE TABLE [dbo].[CancelReason] (

  [cancelreasonid] int IDENTITY(1,1) NOT NULL,
  [cancelreasongroupname] varchar(255) NOT NULL,
  [cancelreasontitle] varchar(2500) NOT NULL,
  [cancelreasondescription] text NOT NULL CONSTRAINT [DF__CancelRea__cance__2334397B] DEFAULT (''),
  [colour] int NOT NULL CONSTRAINT [DF__CancelRea__colou__24285DB4] DEFAULT ((0)),
  [ordernum] int NOT NULL CONSTRAINT [DF__CancelRea__order__251C81ED] DEFAULT ((0)),
  [isactive] bit NOT NULL CONSTRAINT [DF__CancelRea__isact__4F72AE6C] DEFAULT ((1))
,  CONSTRAINT [PK__CancelRe__8617BFDAC67C05E4] PRIMARY KEY CLUSTERED ([cancelreasonid] ASC)
);"
dbo.ClockWorkServer_AuthenticationSession,"CREATE TABLE [dbo].[ClockWorkServer_AuthenticationSession] (

  [ID] varchar(50) NOT NULL,
  [IssuedOn] datetime NOT NULL,
  [NeverExpires] bit NOT NULL CONSTRAINT [DF_ClockWorkServer_AuthenticationSession_NeverExpires] DEFAULT ((0)),
  [Username] varbinary(1000) NOT NULL,
  [ClientParameters] varbinary(MAX) NULL
,  CONSTRAINT [PK_ClockWorkServer_AuthenticationSession] PRIMARY KEY CLUSTERED ([ID] ASC)
);"
dbo.ClockWorkServerJob_ExecutionLogs,"CREATE TABLE [dbo].[ClockWorkServerJob_ExecutionLogs] (

  [JobLogId] int IDENTITY(1,1) NOT NULL,
  [FK_JobId] int NOT NULL,
  [FK_StepId] int NOT NULL,
  [JobExecutionStatus] varchar(500) NOT NULL CONSTRAINT [DF_ClockWorkServerJob_ExecutionLogs_JobExecutionStatus] DEFAULT (''),
  [StartTime] datetime NOT NULL CONSTRAINT [DF_ClockWorkServerJob_ExecutionLogs_StartTime] DEFAULT (getdate()),
  [EndTime] datetime NULL,
  [Message] varchar(MAX) NOT NULL CONSTRAINT [DF_ClockWorkServerJob_ExecutionLogs_Message] DEFAULT (''),
  [ServerIPAddress] varchar(50) NOT NULL CONSTRAINT [DF_ClockWorkServerJob_ExecutionLogs_ServerIPAddress] DEFAULT (''),
  [TransactionId] uniqueidentifier NOT NULL
,  CONSTRAINT [PK_ClockWorkServerJob_ExecutionLogs] PRIMARY KEY CLUSTERED ([JobLogId] ASC)
);"
dbo.ClockWorkServerJob_JobInfo,"CREATE TABLE [dbo].[ClockWorkServerJob_JobInfo] (

  [JobId] int IDENTITY(1,1) NOT NULL,
  [JobTitle] varchar(2000) NOT NULL CONSTRAINT [DF_ClockWorkServerJob_JobInfo_Title] DEFAULT (''),
  [JobNotes] varchar(MAX) NOT NULL CONSTRAINT [DF_ClockWorkServerJob_JobInfo_Notes] DEFAULT (''),
  [StartTimeInMinutes] int NOT NULL CONSTRAINT [DF_ClockWorkServerJob_JobInfo_StartTime] DEFAULT ((0)),
  [JobSchedule] xml NOT NULL CONSTRAINT [DF_ClockWorkServerJob_JobInfo_JobSchedule] DEFAULT (''),
  [TimeoutInMinutes] int NOT NULL CONSTRAINT [DF_ClockWorkServerJob_JobInfo_TimeoutInMinutes] DEFAULT ((0)),
  [IsJobActive] bit NOT NULL CONSTRAINT [DF_ClockWorkServerJob_JobInfo_IsActive] DEFAULT ((0)),
  [JobUniqueId] uniqueidentifier NOT NULL CONSTRAINT [DF_ClockWorkServerJob_JobInfo_JobUniqueId] DEFAULT (newid()),
  [LastRunStartDatetime] datetime NULL,
  [LastRunEndDatetime] datetime NULL,
  [LastRunStatus] varchar(500) NOT NULL CONSTRAINT [DF_ClockWorkServerJob_JobInfo_LastRunStatus] DEFAULT (''),
  [LastRunMessage] varchar(MAX) NOT NULL CONSTRAINT [DF_ClockWorkServerJob_JobInfo_LastRunMessage] DEFAULT (''),
  [ImpersonationDomain] varchar(1000) NULL,
  [ImpersonationUsername] varchar(1000) NULL,
  [ImpersonationPassword] varbinary(1000) NULL,
  [IsSystemJob] bit NOT NULL CONSTRAINT [DF__ClockWork__IsSys__20A37C41] DEFAULT ((0))
,  CONSTRAINT [PK_ClockWorkServerJob_JobInfo] PRIMARY KEY CLUSTERED ([JobId] ASC)
);"
dbo.ClockWorkServerJob_JobSteps,"CREATE TABLE [dbo].[ClockWorkServerJob_JobSteps] (

  [JobStepId] int IDENTITY(1,1) NOT NULL,
  [FK_JobId] int NOT NULL,
  [JobType] varchar(1000) NOT NULL,
  [StepTitle] varchar(1000) NOT NULL CONSTRAINT [DF_ClockWorkJob_JobSteps_StepTitle] DEFAULT (''),
  [StepNotes] varchar(1000) NOT NULL CONSTRAINT [DF_ClockWorkServerJob_JobSteps_StepNotes] DEFAULT (''),
  [StepParams] varchar(MAX) NOT NULL CONSTRAINT [DF_ClockWorkServerJob_JobSteps_StepParams] DEFAULT (''),
  [StepOrderNum] int NOT NULL,
  [IsStepActive] bit NOT NULL CONSTRAINT [DF_ClockWorkServerJob_JobSteps_IsStepActive] DEFAULT ((1))
,  CONSTRAINT [PK_ClockWorkServerJob_JobSteps] PRIMARY KEY CLUSTERED ([JobStepId] ASC)
);"
dbo.Common_FileStore,"CREATE TABLE [dbo].[Common_FileStore] (

  [FileStoreId] int IDENTITY(1,1) NOT NULL,
  [BinaryData] varbinary(MAX) NULL CONSTRAINT [DF__Common_Fi__Binar__33CA93F7] DEFAULT (NULL),
  [Version] varchar(256) NOT NULL CONSTRAINT [DF__Common_Fi__Versi__34BEB830] DEFAULT (''),
  [UploadDateTime] datetime NOT NULL CONSTRAINT [DF__Common_Fi__Uploa__35B2DC69] DEFAULT (getdate()),
  [WhoUploaded] int NULL CONSTRAINT [DF__Common_Fi__WhoUp__36A700A2] DEFAULT (NULL),
  [IsActive] bit NOT NULL CONSTRAINT [DF__Common_Fi__IsAct__379B24DB] DEFAULT ((1)),
  [FileTypeId] int NULL CONSTRAINT [DF__Common_Fi__FileT__388F4914] DEFAULT (NULL),
  [Notes] varchar(MAX) NOT NULL CONSTRAINT [DF__Common_Fi__Notes__39836D4D] DEFAULT (''),
  [AddrSize] int NULL
,  CONSTRAINT [PK__Common_F__A82754CAB05247A6] PRIMARY KEY CLUSTERED ([FileStoreId] ASC)
);"
dbo.Common_FileType,"CREATE TABLE [dbo].[Common_FileType] (

  [FileTypeId] int IDENTITY(1,1) NOT NULL,
  [title] varchar(256) NOT NULL,
  [description] varchar(MAX) NOT NULL CONSTRAINT [DF__Common_Fi__descr__30EE274C] DEFAULT (''),
  [Extension] varchar(50) NULL,
  [AddrSizeVersion] bit NOT NULL CONSTRAINT [AddrSizeVersion] DEFAULT ((0)),
  [secondarytitle] varchar(256) NOT NULL CONSTRAINT [DF__Common_Fi__secon__0B879873] DEFAULT ('')
,  CONSTRAINT [PK__Common_F__0896759E672DD5AF] PRIMARY KEY CLUSTERED ([FileTypeId] ASC)
);"
dbo.ContactsDateTimeInfoPS,"CREATE TABLE [dbo].[ContactsDateTimeInfoPS] (

  [DataID] int IDENTITY(1,1) NOT NULL,
  [ScreenNum] int NOT NULL CONSTRAINT [DF_ContactsDateTimeInfoPS_ScreenNum] DEFAULT ((-1)),
  [PersonID] int NOT NULL CONSTRAINT [DF_ContactsDateTimeInfoPS_PersonID] DEFAULT ((-1)),
  [ControlID] int NOT NULL CONSTRAINT [DF_ContactsDateTimeInfoPS_ControlID] DEFAULT ((-1)),
  [ControlValue] datetime NULL
,  CONSTRAINT [PK_ContactsDateTimeInfoPS] PRIMARY KEY CLUSTERED ([DataID] ASC)
);"
dbo.ContactsDynamicControls,"CREATE TABLE [dbo].[ContactsDynamicControls] (

  [ControlID] int IDENTITY(1,1) NOT NULL,
  [ControlCode] int NOT NULL CONSTRAINT [DF__ContactsD__Contr__30C33EC3] DEFAULT ((-1)),
  [ControlCaption] varchar(8000) NOT NULL CONSTRAINT [DF__ContactsD__Contr__31B762FC] DEFAULT (''),
  [Setting1] int NOT NULL CONSTRAINT [DF__ContactsD__Setti__32AB8735] DEFAULT ((0)),
  [Setting2] int NOT NULL CONSTRAINT [DF__ContactsD__Setti__339FAB6E] DEFAULT ((0)),
  [Setting3] int NOT NULL CONSTRAINT [DF__ContactsD__Setti__3493CFA7] DEFAULT ((0)),
  [DefaultValue] int NOT NULL CONSTRAINT [DF__ContactsD__Defau__3587F3E0] DEFAULT ((0)),
  [p] varchar(500) NOT NULL CONSTRAINT [DF__ContactsDynam__p__367C1819] DEFAULT (''),
  [statsHolding] bit NOT NULL CONSTRAINT [DF__ContactsD__stats__37703C52] DEFAULT ((1))
,  CONSTRAINT [PK_ContactsDynamicControls] PRIMARY KEY CLUSTERED ([ControlID] ASC)
);"
dbo.ContactsDynamicScreenControls,"CREATE TABLE [dbo].[ContactsDynamicScreenControls] (

  [DynamicScreenControlID] int IDENTITY(1,1) NOT NULL,
  [screenNum] int NOT NULL CONSTRAINT [DF_ContactsDynamicScreenControls_screenNum] DEFAULT ((-1)),
  [controlID] int NOT NULL CONSTRAINT [DF_ContactsDynamicScreenControls_controlID] DEFAULT ((-1)),
  [orderNum] int NOT NULL CONSTRAINT [DF_ContactsDynamicScreenControls_orderNum] DEFAULT ((0)),
  [isActive] bit NOT NULL CONSTRAINT [DF_ContactsDynamicScreenControls_isActive] DEFAULT ((1))
,  CONSTRAINT [PK_ContactsDynamicScreenControls] PRIMARY KEY CLUSTERED ([DynamicScreenControlID] ASC)
);"
dbo.ContactsGroups,"CREATE TABLE [dbo].[ContactsGroups] (

  [ContactsGroupID] int IDENTITY(1,1) NOT NULL,
  [GroupTitle] varchar(255) NOT NULL CONSTRAINT [DF_ContactsGroups_GroupTitle] DEFAULT (''),
  [GroupDescription] varchar(1000) NOT NULL CONSTRAINT [DF_ContactsGroups_GroupDescription] DEFAULT (''),
  [personID] int NOT NULL CONSTRAINT [DF_ContactsGroups_personID] DEFAULT ((-1)),
  [isActive] bit NOT NULL CONSTRAINT [DF_ContactsGroups_isActive] DEFAULT ((1))
,  CONSTRAINT [PK_ContactsGroups] PRIMARY KEY CLUSTERED ([ContactsGroupID] ASC)
);"
dbo.ContactsMainInfoPS,"CREATE TABLE [dbo].[ContactsMainInfoPS] (

  [DataID] int IDENTITY(1,1) NOT NULL,
  [ScreenNum] int NOT NULL CONSTRAINT [DF_ContactsMainInfoPS_ScreenNum] DEFAULT ((-1)),
  [PersonID] int NOT NULL CONSTRAINT [DF_ContactsMainInfoPS_PersonID] DEFAULT ((-1)),
  [ControlID] int NOT NULL CONSTRAINT [DF_ContactsMainInfoPS_ControlID] DEFAULT ((-1)),
  [ControlValue] int NOT NULL CONSTRAINT [DF_ContactsMainInfoPS_ControlValue] DEFAULT ((-1))
,  CONSTRAINT [PK_ContactsMainInfoPS] PRIMARY KEY CLUSTERED ([DataID] ASC)
);"
dbo.ContactsOtherInfoPS,"CREATE TABLE [dbo].[ContactsOtherInfoPS] (

  [DataID] int IDENTITY(1,1) NOT NULL,
  [ScreenNum] int NOT NULL CONSTRAINT [DF_ContactsOtherInfoPS_ScreenNum] DEFAULT ((-1)),
  [PersonID] int NOT NULL CONSTRAINT [DF_ContactsOtherInfoPS_PersonID] DEFAULT ((-1)),
  [ControlID] int NOT NULL CONSTRAINT [DF_ContactsOtherInfoPS_ControlID] DEFAULT ((-1)),
  [ControlValue] varbinary(8000) NOT NULL
,  CONSTRAINT [PK_ContactsOtherInfoPS] PRIMARY KEY CLUSTERED ([DataID] ASC)
);"
dbo.ContactsPeople,"CREATE TABLE [dbo].[ContactsPeople] (

  [ContactsPersonID] int IDENTITY(1,1) NOT NULL,
  [FirstName] varbinary(50) NOT NULL,
  [LastName] varbinary(50) NOT NULL,
  [Encrypted] bit NOT NULL CONSTRAINT [DF_ContactsPeople_Encrypted] DEFAULT ((0)),
  [isActive] bit NOT NULL CONSTRAINT [DF_ContactsPeople_isActive] DEFAULT ((1))
,  CONSTRAINT [PK_ContactsPeople] PRIMARY KEY CLUSTERED ([ContactsPersonID] ASC)
);"
dbo.ContactsPeopleGroupGroups,"CREATE TABLE [dbo].[ContactsPeopleGroupGroups] (

  [ContactsPeopleGroupsID] int IDENTITY(1,1) NOT NULL,
  [personID] int NOT NULL CONSTRAINT [DF_ContactsPeopleGroupGroups_personID] DEFAULT ((-1)),
  [groupID] int NOT NULL CONSTRAINT [DF_ContactsPeopleGroupGroups_groupID] DEFAULT ((-1)),
  [ContactsGroupID] int NOT NULL CONSTRAINT [DF_ContactsPeopleGroupGroups_ContactsGroupID] DEFAULT ((-1)),
  [PermissionsCode] int NOT NULL CONSTRAINT [DF_ContactsPeopleGroupGroups_PermissionsCode] DEFAULT ((0))
,  CONSTRAINT [PK_ContactsPeopleGroupGroups] PRIMARY KEY CLUSTERED ([ContactsPeopleGroupsID] ASC)
);"
dbo.ContactsPersonMatchings,"CREATE TABLE [dbo].[ContactsPersonMatchings] (

  [ContactsPersonMatchingID] int IDENTITY(1,1) NOT NULL,
  [ContactsPersonID] int NOT NULL CONSTRAINT [DF_ContactsPersonMatchings_ContactsPersonID] DEFAULT ((-1)),
  [personID] int NOT NULL,
  [whoReferred] int NOT NULL CONSTRAINT [DF_ContactsPersonMatchings_whoReferred] DEFAULT ((-1)),
  [dateReferred] datetime NULL
,  CONSTRAINT [PK_ContactsPersonMatchings] PRIMARY KEY CLUSTERED ([ContactsPersonMatchingID] ASC)
);"
dbo.Courses,"CREATE TABLE [dbo].[Courses] (

  [CoursesID] int IDENTITY(1,1) NOT NULL,
  [personID] int NOT NULL,
  [luCourseID] int NOT NULL,
  [dateAdded] datetime NOT NULL,
  [whoAdded] int NOT NULL,
  [DateLetterIssued] datetime NULL,
  [DateLetterReturned] datetime NULL,
  [needsNotes] bit NOT NULL CONSTRAINT [DF_Courses_needsNotes] DEFAULT ((0)),
  [extraCode] int NOT NULL CONSTRAINT [DF_Courses_extraCode] DEFAULT ((-1)),
  [courseNote] varchar(255) NOT NULL CONSTRAINT [DF_Courses_courseNote] DEFAULT (''),
  [registrationstatus] int NULL CONSTRAINT [DF__Courses__registr__3F9B6DFF] DEFAULT (NULL),
  [notetakerrequired] int NULL,
  [datestudentlastviewed] datetime NULL CONSTRAINT [DF__Courses__datestu__6AFACD50] DEFAULT (NULL),
  [dateinstructorlastviewed] datetime NULL CONSTRAINT [DF__Courses__dateins__6BEEF189] DEFAULT (NULL),
  [wholastviewed] varchar(2000) NOT NULL CONSTRAINT [DF__Courses__wholast__6CE315C2] DEFAULT (''),
  [instructorconfirmed] int NOT NULL CONSTRAINT [DF__Courses__instruc__6DD739FB] DEFAULT ((0)),
  [exemptfromdatasync] bit NOT NULL CONSTRAINT [DF__Courses__exemptf__515AF6DE] DEFAULT ((0)),
  [coursegrade] varchar(256) NOT NULL CONSTRAINT [DF__Courses__courseg__69F19A7E] DEFAULT (''),
  [tuitioncost] varchar(256) NOT NULL CONSTRAINT [DF__Courses__tuition__6AE5BEB7] DEFAULT (''),
  [RegistrationDate] datetime NULL,
  [GradeNumber] decimal(5,2) NOT NULL CONSTRAINT [DF__Courses__GradeNu__6FE04955] DEFAULT ((0)),
  [GradeLetter] varchar(255) NULL,
  [InProgressGradeNumber] decimal(5,2) NOT NULL CONSTRAINT [DF__Courses__InProgr__70D46D8E] DEFAULT ((0)),
  [InProgressGradeLetter] varchar(255) NULL,
  [RegistrationNote] varchar(MAX) NOT NULL CONSTRAINT [DF__Courses__Registr__71C891C7] DEFAULT ('')
,  CONSTRAINT [PK_Courses] PRIMARY KEY CLUSTERED ([CoursesID] ASC)
);"
dbo.CoursesExtraCode,"CREATE TABLE [dbo].[CoursesExtraCode] (

  [CoursesExtraCodeID] int IDENTITY(1,1) NOT NULL,
  [extraCode] int NOT NULL CONSTRAINT [DF_CoursesExtraCode_extraCode] DEFAULT ((-1)),
  [extraCodeDescription] varchar(75) NOT NULL CONSTRAINT [DF_CoursesExtraCode_extraCodeDescription] DEFAULT ('')
,  CONSTRAINT [PK_CoursesExtraCode] PRIMARY KEY CLUSTERED ([CoursesExtraCodeID] ASC)
);"
dbo.CUSTOM_COURSES,"CREATE TABLE [dbo].[CUSTOM_COURSES] (

  [student_no] varbinary(500) NULL,
  [term] varbinary(500) NULL,
  [subject] varbinary(500) NULL,
  [course] varbinary(500) NULL,
  [section] varbinary(500) NULL,
  [duration] varbinary(500) NULL,
  [timeofday] varbinary(500) NULL,
  [instructorname] varbinary(500) NULL,
  [instructoremail] varbinary(500) NULL,
  [instructorphone] varbinary(500) NULL,
  [timetable] varbinary(500) NULL,
  [location] varbinary(500) NULL,
  [startdate] varbinary(500) NULL,
  [enddate] varbinary(500) NULL
);"
dbo.CUSTOM_DATA,"CREATE TABLE [dbo].[CUSTOM_DATA] (

  [c1] varbinary(1000) NULL,
  [c2] varbinary(1000) NULL,
  [c3] varbinary(1000) NULL,
  [c4] varbinary(1000) NULL,
  [c5] varbinary(1000) NULL,
  [c6] varbinary(1000) NULL,
  [c7] varbinary(1000) NULL,
  [c8] varbinary(1000) NULL,
  [c9] varbinary(1000) NULL,
  [c10] varbinary(1000) NULL,
  [c11] varbinary(1000) NULL,
  [c12] varbinary(1000) NULL,
  [c13] varbinary(1000) NULL,
  [c14] varbinary(1000) NULL,
  [c15] varbinary(1000) NULL,
  [c16] varbinary(1000) NULL,
  [c17] varbinary(1000) NULL,
  [c18] varbinary(1000) NULL,
  [c19] varbinary(1000) NULL,
  [c20] varbinary(1000) NULL,
  [c21] varbinary(1000) NULL,
  [c22] varbinary(1000) NULL,
  [c23] varbinary(1000) NULL,
  [c24] varbinary(1000) NULL,
  [c25] varbinary(1000) NULL,
  [c26] varbinary(1000) NULL,
  [c27] varbinary(1000) NULL,
  [c28] varbinary(1000) NULL,
  [c29] varbinary(1000) NULL,
  [c30] varbinary(1000) NULL,
  [c31] varbinary(1000) NULL,
  [c32] varbinary(1000) NULL,
  [c33] varbinary(1000) NULL,
  [c34] varbinary(1000) NULL,
  [c35] varbinary(1000) NULL,
  [c36] varbinary(1000) NULL,
  [c37] varbinary(1000) NULL,
  [c38] varbinary(1000) NULL,
  [c39] varbinary(1000) NULL,
  [c40] varbinary(1000) NULL,
  [c41] varbinary(1000) NULL,
  [c42] varbinary(1000) NULL,
  [c43] varbinary(1000) NULL,
  [c44] varbinary(1000) NULL,
  [c45] varbinary(1000) NULL,
  [c46] varbinary(1000) NULL,
  [c47] varbinary(1000) NULL,
  [c48] varbinary(1000) NULL,
  [c49] varbinary(1000) NULL,
  [c50] varbinary(1000) NULL
);"
dbo.CUSTOM_DATA2,"CREATE TABLE [dbo].[CUSTOM_DATA2] (

  [c1] varbinary(1000) NULL,
  [c2] varbinary(1000) NULL,
  [c3] varbinary(1000) NULL,
  [c4] varbinary(1000) NULL,
  [c5] varbinary(1000) NULL,
  [c6] varbinary(1000) NULL,
  [c7] varbinary(1000) NULL,
  [c8] varbinary(1000) NULL,
  [c9] varbinary(1000) NULL,
  [c10] varbinary(1000) NULL
);"
dbo.CUSTOM_ExternalInternalMappings,"CREATE TABLE [dbo].[CUSTOM_ExternalInternalMappings] (

  [ClockWorkTableName] varchar(256) NOT NULL CONSTRAINT [DF__CUSTOM_Ex__Clock__69BC9054] DEFAULT ('CUSTOM_data'),
  [ExternalColumnName] varchar(256) NOT NULL,
  [ClockWorkColumnName] varchar(256) NOT NULL,
  [IsEncrypted] bit NOT NULL CONSTRAINT [DF__CUSTOM_Ex__IsEnc__6AB0B48D] DEFAULT ((1))
);"
dbo.CUSTOM_Finals,"CREATE TABLE [dbo].[CUSTOM_Finals] (

  [personid] int NOT NULL,
  [lucourseid] int NOT NULL CONSTRAINT [DF__CUSTOM_Fi__lucou__2C5E7C59] DEFAULT ((0)),
  [student_no] varchar(255) NOT NULL CONSTRAINT [DF__CUSTOM_Fi__stude__2D52A092] DEFAULT (''),
  [startdate] datetime NULL,
  [startdatetime] datetime NULL,
  [enddatetime] datetime NULL,
  [examid] varchar(255) NOT NULL,
  [crn] varchar(255) NOT NULL,
  [term] varchar(255) NOT NULL,
  [subject] varchar(255) NOT NULL,
  [course] varchar(255) NOT NULL,
  [section] varchar(255) NOT NULL,
  [campus] varchar(255) NOT NULL CONSTRAINT [DF__CUSTOM_Fi__campu__2E46C4CB] DEFAULT (''),
  [building] varchar(255) NOT NULL CONSTRAINT [DF__CUSTOM_Fi__build__2F3AE904] DEFAULT (''),
  [room] varchar(255) NOT NULL CONSTRAINT [DF__CUSTOM_Fin__room__302F0D3D] DEFAULT (''),
  [isactive] bit NOT NULL CONSTRAINT [DF__CUSTOM_Fi__isact__31233176] DEFAULT ((1))
);"
dbo.CustomDataInstance,"CREATE TABLE [dbo].[CustomDataInstance] (

  [DataInstanceId] uniqueidentifier NOT NULL CONSTRAINT [DF__CustomDat__DataI__7F228CE5] DEFAULT (newid()),
  [Caption] varchar(256) NOT NULL,
  [DataPurposeCode] int NOT NULL,
  [DataTypeCode] int NOT NULL,
  [IsHidden] bit NOT NULL
,  CONSTRAINT [PK__CustomDa__7CF90F81119D88E6] PRIMARY KEY CLUSTERED ([DataInstanceId] ASC)
);"
dbo.CustomDataPerDate,"CREATE TABLE [dbo].[CustomDataPerDate] (

  [DataId] int IDENTITY(1,1) NOT NULL,
  [PersonId] int NOT NULL,
  [PerDateId] int NOT NULL,
  [DataInstanceId] uniqueidentifier NOT NULL,
  [DataTypeCode] int NOT NULL,
  [DataValue] varbinary(MAX) NOT NULL
,  CONSTRAINT [PK__CustomDa__9D05303D460F1B0B] PRIMARY KEY CLUSTERED ([DataId] ASC)
);"
dbo.CustomDataPerSemester,"CREATE TABLE [dbo].[CustomDataPerSemester] (

  [DataId] int IDENTITY(1,1) NOT NULL,
  [PersonId] int NOT NULL,
  [SemesterId] int NOT NULL,
  [DataInstanceId] uniqueidentifier NOT NULL,
  [DataTypeCode] int NOT NULL,
  [DataValue] varbinary(MAX) NOT NULL
,  CONSTRAINT [PK__CustomDa__9D05303D198F97CF] PRIMARY KEY CLUSTERED ([DataId] ASC)
);"
dbo.CustomDataPerStudent,"CREATE TABLE [dbo].[CustomDataPerStudent] (

  [DataId] int IDENTITY(1,1) NOT NULL,
  [PersonId] int NOT NULL,
  [DataInstanceId] uniqueidentifier NOT NULL,
  [DataTypeCode] int NOT NULL,
  [DataValue] varbinary(MAX) NOT NULL
,  CONSTRAINT [PK__CustomDa__9D05303D8C4C62F4] PRIMARY KEY CLUSTERED ([DataId] ASC)
);"
dbo.CustomForm,"CREATE TABLE [dbo].[CustomForm] (

  [CustomFormId] uniqueidentifier NOT NULL CONSTRAINT [DF__CustomFor__Custo__7C46203A] DEFAULT (newid()),
  [FormTitle] varchar(255) NOT NULL,
  [IsHidden] bit NOT NULL,
  [Xml] xml NOT NULL
,  CONSTRAINT [PK__CustomFo__316CEE44F3FD1A54] PRIMARY KEY CLUSTERED ([CustomFormId] ASC)
);"
dbo.CustomListGroup,"CREATE TABLE [dbo].[CustomListGroup] (

  [CustomListGroupId] uniqueidentifier NOT NULL CONSTRAINT [DF__CustomLis__Custo__0A943F91] DEFAULT (newid()),
  [GroupCaption] varchar(256) NOT NULL,
  [IsHidden] bit NOT NULL
,  CONSTRAINT [PK__CustomLi__8A46E79DF7792B2D] PRIMARY KEY CLUSTERED ([CustomListGroupId] ASC)
);"
dbo.CustomListItem,"CREATE TABLE [dbo].[CustomListItem] (

  [CustomListItemId] uniqueidentifier NOT NULL CONSTRAINT [DF__CustomLis__Custo__0D70AC3C] DEFAULT (newid()),
  [CustomListGroupId] uniqueidentifier NOT NULL,
  [ItemCaption] varchar(256) NOT NULL,
  [OrderNum] int NOT NULL CONSTRAINT [DF__CustomLis__Order__0E64D075] DEFAULT ((0)),
  [IsHidden] bit NOT NULL
,  CONSTRAINT [PK__CustomLi__B61C8FB7AE13F51F] PRIMARY KEY CLUSTERED ([CustomListItemId] ASC)
);"
dbo.CustomPerDateEntry,"CREATE TABLE [dbo].[CustomPerDateEntry] (

  [PerDateId] int IDENTITY(1,1) NOT NULL,
  [PersonId] int NOT NULL,
  [DateEntered] datetime NOT NULL
,  CONSTRAINT [PK__CustomPe__198F6506F7B66552] PRIMARY KEY CLUSTERED ([PerDateId] ASC)
);"
dbo.DateRanges,"CREATE TABLE [dbo].[DateRanges] (

  [DateRangeID] int IDENTITY(1,1) NOT NULL,
  [Description] varchar(50) NULL,
  [startMonth] int NOT NULL,
  [endMonth] int NOT NULL,
  [numYearsBetween] int NOT NULL CONSTRAINT [DF_DateRanges_repeating] DEFAULT ((0)),
  [useCode] int NOT NULL CONSTRAINT [DF_DateRanges_useCode] DEFAULT ((-1)),
  [startDay] int NOT NULL CONSTRAINT [DF_DateRanges_startDay] DEFAULT ((1)),
  [endDay] int NOT NULL CONSTRAINT [DF_DateRanges_endDay] DEFAULT ((31))
,  CONSTRAINT [PK_DateRanges] PRIMARY KEY CLUSTERED ([DateRangeID] ASC)
);"
dbo.DateTimeInfoAccommodationPS,"CREATE TABLE [dbo].[DateTimeInfoAccommodationPS] (

  [DataID] int IDENTITY(1,1) NOT NULL,
  [ScreenNum] int NOT NULL CONSTRAINT [DF_DateTimeInfoAccommodationPS_ScreenNum] DEFAULT ((-1)),
  [PersonID] int NOT NULL CONSTRAINT [DF_DateTimeInfoAccommodationPS_PersonID] DEFAULT ((-1)),
  [ControlID] int NOT NULL CONSTRAINT [DF_DateTimeInfoAccommodationPS_ControlID] DEFAULT ((-1)),
  [controlValue] datetime NULL,
  [CourseID] int NOT NULL CONSTRAINT [DF_DateTimeInfoAccommodationPS_CourseID] DEFAULT ((0)),
  [Flavour] int NOT NULL CONSTRAINT [DF_DateTimeInfoAccommodationPS_Flavour] DEFAULT ((-1)),
  [offline] bit NOT NULL CONSTRAINT [DF__DateTimeI__offli__7B9B496D] DEFAULT ((0)),
  [datemodified] datetime NOT NULL CONSTRAINT [DF__DateTimeI__datem__7C8F6DA6] DEFAULT (getdate()),
  [whomodified] int NULL CONSTRAINT [DF__DateTimeI__whomo__7D8391DF] DEFAULT (NULL),
  [expirydate] datetime NULL CONSTRAINT [DF__DateTimeI__expir__070CFC19] DEFAULT (NULL),
  [altlongdescription] varbinary(8000) NULL,
  [note] varbinary(8000) NULL,
  [showonletter] int NOT NULL CONSTRAINT [DF__DateTimeI__showo__08012052] DEFAULT ((1)),
  [sessiondateentered] datetime NOT NULL CONSTRAINT [DF__DateTimeI__sessi__08F5448B] DEFAULT (getdate()),
  [approved] bit NOT NULL CONSTRAINT [DF__DateTimeI__appro__10966653] DEFAULT ((0)),
  [recommendedbutdeclined] bit NOT NULL CONSTRAINT [DF__DateTimeI__recom__118A8A8C] DEFAULT ((0)),
  [rationale] varbinary(8000) NULL,
  [recommendedbutdeclineddetail] varbinary(8000) NULL
,  CONSTRAINT [PK_DateTimeInfoAccommodationPS] PRIMARY KEY CLUSTERED ([DataID] ASC)
);"
dbo.DateTimeInfoAN,"CREATE TABLE [dbo].[DateTimeInfoAN] (

  [DataID] int IDENTITY(1,1) NOT NULL,
  [ScreenNum] int NOT NULL,
  [PersonID] int NOT NULL,
  [ControlID] int NOT NULL,
  [ControlValue] datetime NULL
,  CONSTRAINT [PK_DateTimeInfoAN] PRIMARY KEY CLUSTERED ([DataID] ASC)
);"
dbo.DateTimeInfoHide,"CREATE TABLE [dbo].[DateTimeInfoHide] (

  [DataID] int IDENTITY(1,1) NOT NULL,
  [ScreenNum] int NOT NULL,
  [personID] int NOT NULL,
  [ControlID] int NOT NULL,
  [ControlValue] datetime NULL,
  [appointmentID] int NULL
,  CONSTRAINT [PK__DateTime__9D05305D4B0C5E8E] PRIMARY KEY CLUSTERED ([DataID] ASC)
);"
dbo.DateTimeInfoHide2,"CREATE TABLE [dbo].[DateTimeInfoHide2] (

  [DataID] int IDENTITY(1,1) NOT NULL,
  [ScreenNum] int NOT NULL,
  [personID] int NOT NULL,
  [ControlID] int NOT NULL,
  [ControlValue] datetime NULL,
  [appointmentID] int NULL
,  CONSTRAINT [PK__DateTime__9D05305DD9187CBE] PRIMARY KEY CLUSTERED ([DataID] ASC)
);"
dbo.DateTimeInfoInstructorPM,"CREATE TABLE [dbo].[DateTimeInfoInstructorPM] (

  [DataID] int IDENTITY(1,1) NOT NULL,
  [appointmentid] int NOT NULL,
  [personid] int NOT NULL,
  [controlid] int NOT NULL,
  [controlvalue] datetime NULL CONSTRAINT [DF__DateTimeI__contr__40457975] DEFAULT (NULL)
,  CONSTRAINT [PK__DateTime__9D05305D7CF2339E] PRIMARY KEY CLUSTERED ([DataID] ASC)
);"
dbo.datetimeinfoIntake,"CREATE TABLE [dbo].[datetimeinfoIntake] (

  [DataID] int IDENTITY(1,1) NOT NULL,
  [personid] int NULL,
  [controlid] int NULL,
  [controlvalue] datetime NULL
,  CONSTRAINT [PK__datetime__9D05305DB7B1DD8D] PRIMARY KEY CLUSTERED ([DataID] ASC)
);"
dbo.DateTimeInfoOnlineForm,"CREATE TABLE [dbo].[DateTimeInfoOnlineForm] (

  [DataID] int IDENTITY(1,1) NOT NULL,
  [ScreenNum] int NOT NULL CONSTRAINT [DF__DateTimeI__Scree__2903B818] DEFAULT ((-1)),
  [PersonID] int NOT NULL CONSTRAINT [DF__DateTimeI__Perso__29F7DC51] DEFAULT ((-1)),
  [ControlID] int NOT NULL CONSTRAINT [DF__DateTimeI__Contr__2AEC008A] DEFAULT ((-1)),
  [ControlValue] datetime NULL,
  [people_onlineFormId] int NULL CONSTRAINT [DF__DateTimeI__peopl__2BE024C3] DEFAULT (NULL)
,  CONSTRAINT [PK__DateTime__9D05305D9710D290] PRIMARY KEY CLUSTERED ([DataID] ASC)
);"
dbo.DateTimeInfoPA,"CREATE TABLE [dbo].[DateTimeInfoPA] (

  [DataID] int IDENTITY(1,1) NOT NULL,
  [ScreenNum] int NOT NULL,
  [personID] int NOT NULL,
  [ControlID] int NOT NULL,
  [ControlValue] datetime NULL,
  [appointmentID] int NULL
,  CONSTRAINT [PK_DateTimeInfoPA] PRIMARY KEY CLUSTERED ([DataID] ASC)
);"
dbo.DateTimeInfoPAF,"CREATE TABLE [dbo].[DateTimeInfoPAF] (

  [DataID] int IDENTITY(1,1) NOT NULL,
  [personid] int NOT NULL,
  [controlid] int NOT NULL,
  [controlvalue] datetime NULL CONSTRAINT [DF__DateTimeI__contr__1C7D1A4B] DEFAULT (NULL),
  [screennum] int NOT NULL CONSTRAINT [DF__DateTimeI__scree__1D713E84] DEFAULT ((0))
,  CONSTRAINT [PK__DateTime__9D05305DCEA88D3E] PRIMARY KEY CLUSTERED ([DataID] ASC)
);"
dbo.DateTimeInfoPAFArchive,"CREATE TABLE [dbo].[DateTimeInfoPAFArchive] (

  [ArchiveDataID] int IDENTITY(1,1) NOT NULL,
  [dateentered] datetime NOT NULL CONSTRAINT [DF__DateTimeI__datee__308412F8] DEFAULT (getdate()),
  [whoentered] int NULL CONSTRAINT [DF__DateTimeI__whoen__31783731] DEFAULT (NULL),
  [wasdeleted] bit NOT NULL CONSTRAINT [DF__DateTimeI__wasde__326C5B6A] DEFAULT ((0)),
  [personid] int NOT NULL,
  [controlid] int NOT NULL,
  [oldcontrolvalue] datetime NULL CONSTRAINT [DF__DateTimeI__oldco__33607FA3] DEFAULT (NULL)
,  CONSTRAINT [PK__DateTime__C7869C5D11899975] PRIMARY KEY CLUSTERED ([ArchiveDataID] ASC)
);"
dbo.DateTimeInfoPC,"CREATE TABLE [dbo].[DateTimeInfoPC] (

  [DataID] int IDENTITY(1,1) NOT NULL,
  [personid] int NOT NULL,
  [controlid] int NOT NULL,
  [controlvalue] datetime NULL CONSTRAINT [DF__DateTimeI__contr__186C9245] DEFAULT (NULL),
  [screennum] int NOT NULL CONSTRAINT [DF__DateTimeI__scree__1960B67E] DEFAULT ((0))
,  CONSTRAINT [PK__DateTime__9D05305DEF040CC0] PRIMARY KEY CLUSTERED ([DataID] ASC)
);"
dbo.DateTimeInfoPCArchive,"CREATE TABLE [dbo].[DateTimeInfoPCArchive] (

  [ArchiveDataID] int IDENTITY(1,1) NOT NULL,
  [dateentered] datetime NOT NULL CONSTRAINT [DF__DateTimeI__datee__284EBFAA] DEFAULT (getdate()),
  [whoentered] int NULL CONSTRAINT [DF__DateTimeI__whoen__2942E3E3] DEFAULT (NULL),
  [wasdeleted] bit NOT NULL CONSTRAINT [DF__DateTimeI__wasde__2A37081C] DEFAULT ((0)),
  [personid] int NOT NULL,
  [controlid] int NOT NULL,
  [oldcontrolvalue] datetime NULL CONSTRAINT [DF__DateTimeI__oldco__2B2B2C55] DEFAULT (NULL)
,  CONSTRAINT [PK__DateTime__C7869C5D61B112F5] PRIMARY KEY CLUSTERED ([ArchiveDataID] ASC)
);"
dbo.DateTimeInfoPI,"CREATE TABLE [dbo].[DateTimeInfoPI] (

  [DataID] int IDENTITY(1,1) NOT NULL,
  [personid] int NOT NULL,
  [controlid] int NOT NULL,
  [controlvalue] datetime NULL CONSTRAINT [DF__DateTimeI__contr__4C413C06] DEFAULT (NULL),
  [screennum] int NOT NULL CONSTRAINT [DF__DateTimeI__scree__4D35603F] DEFAULT ((0))
,  CONSTRAINT [PK__DateTime__9D05305D7F5704C4] PRIMARY KEY CLUSTERED ([DataID] ASC)
);"
dbo.DateTimeInfoPIArchive,"CREATE TABLE [dbo].[DateTimeInfoPIArchive] (

  [ArchiveDataID] int IDENTITY(1,1) NOT NULL,
  [dateentered] datetime NOT NULL CONSTRAINT [DF__DateTimeI__datee__096A45D7] DEFAULT (getdate()),
  [whoentered] int NULL CONSTRAINT [DF__DateTimeI__whoen__0A5E6A10] DEFAULT (NULL),
  [wasdeleted] bit NOT NULL CONSTRAINT [DF__DateTimeI__wasde__0B528E49] DEFAULT ((0)),
  [personid] int NOT NULL,
  [controlid] int NOT NULL,
  [oldcontrolvalue] datetime NULL CONSTRAINT [DF__DateTimeI__oldco__0C46B282] DEFAULT (NULL)
,  CONSTRAINT [PK__DateTime__C7869C5DC24255B4] PRIMARY KEY CLUSTERED ([ArchiveDataID] ASC)
);"
dbo.datetimeinfopie,"CREATE TABLE [dbo].[datetimeinfopie] (

  [DataID] int IDENTITY(1,1) NOT NULL,
  [ScreenNum] int NOT NULL,
  [personID] int NOT NULL,
  [ControlID] int NOT NULL,
  [ControlValue] datetime NULL,
  [appointmentID] int NULL
,  CONSTRAINT [PK__datetime__9D05305DF7ADC420] PRIMARY KEY CLUSTERED ([DataID] ASC)
);"
dbo.DateTimeInfoPJA,"CREATE TABLE [dbo].[DateTimeInfoPJA] (

  [DataID] int IDENTITY(1,1) NOT NULL,
  [ScreenNum] int NOT NULL,
  [personID] int NOT NULL,
  [ControlID] int NOT NULL,
  [ControlValue] datetime NULL,
  [appointmentID] int NULL
,  CONSTRAINT [PK__DateTime__9D05305D3D4B56FF] PRIMARY KEY CLUSTERED ([DataID] ASC)
);"
dbo.DateTimeInfoPM,"CREATE TABLE [dbo].[DateTimeInfoPM] (

  [DataID] int IDENTITY(1,1) NOT NULL,
  [appointmentid] int NOT NULL,
  [personid] int NOT NULL,
  [controlid] int NOT NULL,
  [controlvalue] datetime NULL CONSTRAINT [DF__DateTimeI__contr__38D961D7] DEFAULT (NULL)
,  CONSTRAINT [PK__DateTime__9D05305D6C83FF47] PRIMARY KEY CLUSTERED ([DataID] ASC)
);"
dbo.DateTimeInfoPS,"CREATE TABLE [dbo].[DateTimeInfoPS] (

  [DataID] int IDENTITY(1,1) NOT NULL,
  [ScreenNum] int NOT NULL,
  [PersonID] int NOT NULL,
  [ControlID] int NOT NULL,
  [ControlValue] datetime NULL
,  CONSTRAINT [PK_DateTimeInfoPS] PRIMARY KEY CLUSTERED ([DataID] ASC)
);"
dbo.DateTimeInfoPSArchive,"CREATE TABLE [dbo].[DateTimeInfoPSArchive] (

  [ArchiveDataID] int IDENTITY(1,1) NOT NULL,
  [dateentered] datetime NOT NULL CONSTRAINT [DF__DateTimeI__datee__4C0C31DC] DEFAULT (getdate()),
  [whoentered] int NULL CONSTRAINT [DF__DateTimeI__whoen__4D005615] DEFAULT (NULL),
  [wasdeleted] bit NOT NULL CONSTRAINT [DF__DateTimeI__wasde__4DF47A4E] DEFAULT ((0)),
  [personid] int NOT NULL,
  [controlid] int NOT NULL,
  [oldcontrolvalue] datetime NULL CONSTRAINT [DF__DateTimeI__oldco__4EE89E87] DEFAULT (NULL)
,  CONSTRAINT [PK__DateTime__C7869C5DBAE90FDA] PRIMARY KEY CLUSTERED ([ArchiveDataID] ASC)
);"
dbo.DateTimeInfoPsArchive2,"CREATE TABLE [dbo].[DateTimeInfoPsArchive2] (

  [PersonID] int NOT NULL,
  [ControlID] int NOT NULL,
  [ControlValue] datetime NULL,
  [TimeStamp] datetime NOT NULL CONSTRAINT [DF__DateTimeI__TimeS__4F92A9FD] DEFAULT (getdate())
);"
dbo.DateTimeInfoSurvey,"CREATE TABLE [dbo].[DateTimeInfoSurvey] (

  [DataID] int IDENTITY(1,1) NOT NULL,
  [ScreenNum] int NOT NULL CONSTRAINT [DF__DateTimeI__Scree__23FF0BD9] DEFAULT ((-1)),
  [PersonID] int NOT NULL CONSTRAINT [DF__DateTimeI__Perso__24F33012] DEFAULT ((-1)),
  [ControlID] int NOT NULL CONSTRAINT [DF__DateTimeI__Contr__25E7544B] DEFAULT ((-1)),
  [ControlValue] datetime NULL,
  [people_surveyId] int NULL CONSTRAINT [DF__DateTimeI__peopl__6CCED280] DEFAULT (NULL)
,  CONSTRAINT [PK__DateTime__9D05305DB3CEAFA9] PRIMARY KEY CLUSTERED ([DataID] ASC)
);"
dbo.DateTimeInfoWL,"CREATE TABLE [dbo].[DateTimeInfoWL] (

  [DataID] int IDENTITY(1,1) NOT NULL,
  [screennum] int NOT NULL CONSTRAINT [DF__DateTimeI__scree__07970BFE] DEFAULT ((0)),
  [personid] int NOT NULL,
  [controlid] int NOT NULL,
  [controlvalue] datetime NULL CONSTRAINT [DF__DateTimeI__contr__088B3037] DEFAULT (NULL),
  [appointmentid] int NOT NULL CONSTRAINT [DF__DateTimeI__appoi__097F5470] DEFAULT ((0))
,  CONSTRAINT [PK__DateTime__9D05305D30F431CD] PRIMARY KEY CLUSTERED ([DataID] ASC)
);"
dbo.DepartmentGroups,"CREATE TABLE [dbo].[DepartmentGroups] (

  [departmentgroupsid] int IDENTITY(1,1) NOT NULL,
  [departmentid] int NOT NULL,
  [groupid] int NOT NULL,
  [ordernum] int NULL CONSTRAINT [DF__Departmen__order__7211DF33] DEFAULT ((0))
,  CONSTRAINT [PK__Departme__B9D1D127A6DACBD6] PRIMARY KEY CLUSTERED ([departmentgroupsid] ASC)
);"
dbo.Departments,"CREATE TABLE [dbo].[Departments] (

  [departmentid] int IDENTITY(1,1) NOT NULL,
  [departmentname] varchar(255) NOT NULL,
  [dateentered] datetime NULL CONSTRAINT [DF__Departmen__datee__6D4D2A16] DEFAULT (getdate()),
  [description] text NULL CONSTRAINT [DF__Departmen__descr__6E414E4F] DEFAULT (''),
  [ordernum] int NULL CONSTRAINT [DF__Departmen__order__6F357288] DEFAULT ((0)),
  [institution] varchar(8000) NOT NULL CONSTRAINT [DF__Departmen__insti__74EE4BDE] DEFAULT ('')
,  CONSTRAINT [PK__Departme__F9B930451295683A] PRIMARY KEY CLUSTERED ([departmentid] ASC)
);"
dbo.DynamicControls,"CREATE TABLE [dbo].[DynamicControls] (

  [ControlID] int IDENTITY(1,1) NOT NULL,
  [ControlCode] int NOT NULL,
  [ControlCaption] varchar(8000) NULL CONSTRAINT [DF__DynamicCo__Contr__0C50D423] DEFAULT (''),
  [Setting1] int NOT NULL CONSTRAINT [DF__DynamicCo__Setti__0D44F85C] DEFAULT ((0)),
  [Setting2] int NOT NULL CONSTRAINT [DF__DynamicCo__Setti__0E391C95] DEFAULT ((0)),
  [Setting3] int NOT NULL CONSTRAINT [DF__DynamicCo__Setti__0F2D40CE] DEFAULT ((0)),
  [DefaultValue] int NOT NULL CONSTRAINT [DF__DynamicCo__Defau__10216507] DEFAULT ((0)),
  [p] varchar(500) NOT NULL CONSTRAINT [DF__DynamicContro__p__11158940] DEFAULT (''),
  [statsHolding] bit NOT NULL CONSTRAINT [DF__DynamicCo__stats__1209AD79] DEFAULT ((1)),
  [ControlName] varchar(255) NOT NULL CONSTRAINT [DF__DynamicCo__Contr__12FDD1B2] DEFAULT (''),
  [ControlGroup] varchar(8000) NULL CONSTRAINT [DF__DynamicCo__Contr__13F1F5EB] DEFAULT (''),
  [HelpText] varchar(MAX) NULL CONSTRAINT [DF_dynamiccontrols_helptext] DEFAULT (''),
  [HelpTextDisplayMethod] int NOT NULL CONSTRAINT [DF__DynamicCo__HelpT__15DA3E5D] DEFAULT ((1)),
  [Mask] varchar(MAX) NULL CONSTRAINT [DF_dynamiccontrols_mask] DEFAULT (''),
  [Enforce] int NOT NULL CONSTRAINT [DF__DynamicCo__Enfor__17C286CF] DEFAULT ((0)),
  [ActionHandlers] varchar(MAX) NULL CONSTRAINT [DF_dynamiccontrols_actionhandlers] DEFAULT (''),
  [DefaultValueString] varchar(MAX) NULL CONSTRAINT [DF_dynamiccontrols_defaultvaluestring] DEFAULT (''),
  [Setting4String] varchar(255) NOT NULL CONSTRAINT [DF__DynamicCo__Setti__1A9EF37A] DEFAULT (''),
  [enabled] bit NOT NULL CONSTRAINT [DF__DynamicCo__enabl__1B9317B3] DEFAULT ((1)),
  [readonly] bit NOT NULL CONSTRAINT [DF__DynamicCo__reado__1C873BEC] DEFAULT ((0)),
  [hideCaption] bit NOT NULL CONSTRAINT [DF__DynamicCo__hideC__1D7B6025] DEFAULT ((0)),
  [Setting4] int NOT NULL CONSTRAINT [DF__DynamicCo__Setti__1E6F845E] DEFAULT ((0)),
  [FontSize] int NOT NULL CONSTRAINT [DF__DynamicCo__FontS__1F63A897] DEFAULT ((0)),
  [DontWrapToNextLine] bit NOT NULL CONSTRAINT [DF__DynamicCo__DontW__2057CCD0] DEFAULT ((0)),
  [UniqueId] uniqueidentifier NOT NULL CONSTRAINT [DF__DynamicCo__Uniqu__006AEB82] DEFAULT (newid()),
  [SpecialControlType] int NOT NULL CONSTRAINT [DF__DynamicCo__Speci__7A9D0393] DEFAULT ((0))
,  CONSTRAINT [PK_DynamicControls] PRIMARY KEY CLUSTERED ([ControlID] ASC)
);"
dbo.DynamicScreenControls,"CREATE TABLE [dbo].[DynamicScreenControls] (

  [DynamicScreenControlID] int IDENTITY(1,1) NOT NULL,
  [screenNum] int NULL,
  [controlID] int NULL,
  [orderNum] int NULL,
  [isActive] bit NOT NULL CONSTRAINT [DF__DynamicSc__isAct__52E34C9D] DEFAULT ((1)),
  [p] varchar(500) NOT NULL CONSTRAINT [DF__DynamicScreen__p__53D770D6] DEFAULT (''),
  [statsHolding] bit NOT NULL CONSTRAINT [DF__DynamicSc__stats__54CB950F] DEFAULT ((1)),
  [ControlGroup] varchar(8000) NULL CONSTRAINT [DF__DynamicSc__Contr__75634D2A] DEFAULT (NULL)
,  CONSTRAINT [PK_DynamicScreenControls] PRIMARY KEY CLUSTERED ([DynamicScreenControlID] ASC)
);"
dbo.DynamicScreenNonDataControls,"CREATE TABLE [dbo].[DynamicScreenNonDataControls] (

  [DynamicScreenNonDataControlsID] int IDENTITY(1,1) NOT NULL,
  [ControlCode] int NOT NULL CONSTRAINT [DF_DynamicScreenNonDataControls_ControlCode] DEFAULT ((-1))
,  CONSTRAINT [PK_DynamicScreenNonDataControls] PRIMARY KEY CLUSTERED ([DynamicScreenNonDataControlsID] ASC)
);"
dbo.EmailHistory,"CREATE TABLE [dbo].[EmailHistory] (

  [personid] int NULL CONSTRAINT [DF__EmailHist__perso__62AFA012] DEFAULT (NULL),
  [templateid] int NULL CONSTRAINT [DF__EmailHist__templ__63A3C44B] DEFAULT (NULL),
  [datesent] datetime NOT NULL CONSTRAINT [DF__EmailHist__dates__6497E884] DEFAULT (getdate()),
  [sentby] int NULL CONSTRAINT [DF__EmailHist__sentb__658C0CBD] DEFAULT (NULL),
  [etoccbcc] text NOT NULL CONSTRAINT [DF__EmailHist__etocc__668030F6] DEFAULT (''),
  [ebody] text NOT NULL CONSTRAINT [DF__EmailHist__ebody__6774552F] DEFAULT (''),
  [attachments] text NOT NULL CONSTRAINT [DF__EmailHist__attac__68687968] DEFAULT (''),
  [enote] text NOT NULL CONSTRAINT [DF__EmailHist__enote__695C9DA1] DEFAULT (''),
  [successful] bit NOT NULL CONSTRAINT [DF__EmailHist__succe__6A50C1DA] DEFAULT ((1)),
  [infopcid] int NULL CONSTRAINT [DF__EmailHist__infop__2A01329B] DEFAULT (NULL),
  [lucourseid] int NULL CONSTRAINT [DF__EmailHist__lucou__2AF556D4] DEFAULT (NULL),
  [emailtypecode] varchar(255) NOT NULL CONSTRAINT [DF__EmailHist__email__2BE97B0D] DEFAULT ('')
);"
dbo.emailout,"CREATE TABLE [dbo].[emailout] (

  [emailoutid] int IDENTITY(1,1) NOT NULL,
  [code] int NOT NULL CONSTRAINT [DF__emailout__code__53E25DCE] DEFAULT ((0)),
  [sendmethod] int NOT NULL CONSTRAINT [DF__emailout__sendme__54D68207] DEFAULT ((0)),
  [senddatetime] datetime NOT NULL CONSTRAINT [DF__emailout__sendda__55CAA640] DEFAULT (getdate()),
  [whosent] int NULL CONSTRAINT [DF__emailout__whosen__56BECA79] DEFAULT (NULL),
  [failmsg] varchar(8000) NULL CONSTRAINT [DF__emailout__failms__57B2EEB2] DEFAULT (NULL),
  [searchinfoid] int NULL CONSTRAINT [DF__emailout__search__58A712EB] DEFAULT (NULL),
  [personid] int NOT NULL,
  [lucourseid] int NULL CONSTRAINT [DF__emailout__lucour__599B3724] DEFAULT (NULL),
  [appointmentid] int NULL CONSTRAINT [DF__emailout__appoin__5A8F5B5D] DEFAULT (NULL),
  [to] varbinary(8000) NULL CONSTRAINT [DF__emailout__to__5B837F96] DEFAULT (NULL),
  [from] varbinary(8000) NULL CONSTRAINT [DF__emailout__from__5C77A3CF] DEFAULT (NULL),
  [subject] varbinary(8000) NULL CONSTRAINT [DF__emailout__subjec__5D6BC808] DEFAULT (NULL),
  [body] varbinary(8000) NULL CONSTRAINT [DF__emailout__body__5E5FEC41] DEFAULT (NULL)
,  CONSTRAINT [PK__emailout__98A1AD2CFBED0EC3] PRIMARY KEY CLUSTERED ([emailoutid] ASC)
);"
dbo.EmailTemplateGroups,"CREATE TABLE [dbo].[EmailTemplateGroups] (

  [templategroupid] int IDENTITY(1,1) NOT NULL,
  [templategroupname] varchar(255) NOT NULL CONSTRAINT [DF__EmailTemp__templ__2180FB33] DEFAULT (''),
  [templategroupdescription] text NOT NULL CONSTRAINT [DF__EmailTemp__templ__22751F6C] DEFAULT (''),
  [isactive] bit NOT NULL CONSTRAINT [DF__EmailTemp__isact__236943A5] DEFAULT ((1)),
  [TemplateGroupTitle] varchar(255) NOT NULL CONSTRAINT [DF__EmailTemp__Templ__33EA8F88] DEFAULT ('')
,  CONSTRAINT [PK__EmailTem__BCCE8B2F083A0389] PRIMARY KEY CLUSTERED ([templategroupid] ASC)
);"
dbo.EmailTemplates,"CREATE TABLE [dbo].[EmailTemplates] (

  [templateid] int IDENTITY(1,1) NOT NULL,
  [templategroupid] int NULL CONSTRAINT [DF__EmailTemp__templ__4277DAAA] DEFAULT (NULL),
  [templatename] varchar(255) NOT NULL CONSTRAINT [DF__EmailTemp__templ__436BFEE3] DEFAULT (''),
  [efrom] nvarchar(255) NULL CONSTRAINT [DF_emailtemplates_efrom] DEFAULT (''),
  [eto] varchar(255) NOT NULL CONSTRAINT [DF__EmailTempla__eto__45544755] DEFAULT (''),
  [ecc] varchar(255) NOT NULL CONSTRAINT [DF__EmailTempla__ecc__46486B8E] DEFAULT (''),
  [ebcc] varchar(255) NOT NULL CONSTRAINT [DF__EmailTempl__ebcc__473C8FC7] DEFAULT (''),
  [eattachments] nvarchar(255) NULL CONSTRAINT [DF_emailtemplates_eattachments] DEFAULT (''),
  [ebody] nvarchar(MAX) NULL CONSTRAINT [DF_emailtemplates_ebody] DEFAULT (''),
  [ebodypdf] text NOT NULL CONSTRAINT [DF__EmailTemp__ebody__4A18FC72] DEFAULT (''),
  [emisc] text NOT NULL CONSTRAINT [DF__EmailTemp__emisc__4B0D20AB] DEFAULT (''),
  [emode] int NOT NULL CONSTRAINT [DF__EmailTemp__emode__4C0144E4] DEFAULT ((0)),
  [blankreplacements] text NULL CONSTRAINT [DF__EmailTemp__blank__4CF5691D] DEFAULT (NULL),
  [warningifmissingcodes] nvarchar(MAX) NULL,
  [errorifmissingcodes] text NULL CONSTRAINT [DF__EmailTemp__error__4EDDB18F] DEFAULT (NULL),
  [whocreated] int NOT NULL CONSTRAINT [DF__EmailTemp__whocr__4FD1D5C8] DEFAULT ((0)),
  [datecreated] datetime NOT NULL CONSTRAINT [DF__EmailTemp__datec__50C5FA01] DEFAULT (getdate()),
  [wholastmodified] int NOT NULL CONSTRAINT [DF__EmailTemp__whola__51BA1E3A] DEFAULT ((0)),
  [datelastmodified] datetime NULL,
  [isactive] bit NOT NULL CONSTRAINT [DF__EmailTemp__isact__52AE4273] DEFAULT ((1)),
  [BodyType] int NOT NULL CONSTRAINT [DF__EmailTemp__BodyT__49D9D0A7] DEFAULT ((0)),
  [MessageDeliveryMethod] int NOT NULL CONSTRAINT [DF__EmailTemp__Messa__693D6D67] DEFAULT ((0))
,  CONSTRAINT [PK__EmailTem__530E242870CCD708] PRIMARY KEY CLUSTERED ([templateid] ASC)
);"
dbo.EmailTemplatesArchive,"CREATE TABLE [dbo].[EmailTemplatesArchive] (

  [templateid] int NOT NULL,
  [timestamp] datetime NOT NULL CONSTRAINT [DF__EmailTemp__times__35D2D7FA] DEFAULT (getdate()),
  [action] char(1) NOT NULL CONSTRAINT [DF__EmailTemp__actio__36C6FC33] DEFAULT (' '),
  [templategroupid] int NULL CONSTRAINT [DF__EmailTemp__templ__37BB206C] DEFAULT (NULL),
  [templatename] varchar(255) NOT NULL CONSTRAINT [DF__EmailTemp__templ__38AF44A5] DEFAULT (''),
  [efrom] nvarchar(255) NULL CONSTRAINT [DF_emailtemplatesarchive_efrom] DEFAULT (''),
  [eto] varchar(255) NOT NULL CONSTRAINT [DF__EmailTempla__eto__3A978D17] DEFAULT (''),
  [ecc] varchar(255) NOT NULL CONSTRAINT [DF__EmailTempla__ecc__3B8BB150] DEFAULT (''),
  [ebcc] varchar(255) NOT NULL CONSTRAINT [DF__EmailTempl__ebcc__3C7FD589] DEFAULT (''),
  [eattachments] nvarchar(255) NULL CONSTRAINT [DF_emailtemplatesarchive_eattachments] DEFAULT (''),
  [ebody] nvarchar(MAX) NULL CONSTRAINT [DF_emailtemplatesarchive_ebody] DEFAULT (''),
  [ebodypdf] text NOT NULL CONSTRAINT [DF__EmailTemp__ebody__3F5C4234] DEFAULT (''),
  [emisc] text NOT NULL CONSTRAINT [DF__EmailTemp__emisc__4050666D] DEFAULT (''),
  [emode] int NOT NULL CONSTRAINT [DF__EmailTemp__emode__41448AA6] DEFAULT ((0)),
  [blankreplacements] text NULL CONSTRAINT [DF__EmailTemp__blank__4238AEDF] DEFAULT (NULL),
  [warningifmissingcodes] text NULL CONSTRAINT [DF__EmailTemp__warni__432CD318] DEFAULT (NULL),
  [errorifmissingcodes] text NULL CONSTRAINT [DF__EmailTemp__error__4420F751] DEFAULT (NULL),
  [whocreated] int NOT NULL CONSTRAINT [DF__EmailTemp__whocr__45151B8A] DEFAULT ((0)),
  [datecreated] datetime NOT NULL CONSTRAINT [DF__EmailTemp__datec__46093FC3] DEFAULT (getdate()),
  [wholastmodified] int NOT NULL CONSTRAINT [DF__EmailTemp__whola__46FD63FC] DEFAULT ((0)),
  [datelastmodified] datetime NULL,
  [isactive] bit NOT NULL CONSTRAINT [DF__EmailTemp__isact__47F18835] DEFAULT ((1))
);"
dbo.ExamFiles,"CREATE TABLE [dbo].[ExamFiles] (

  [examfileid] int IDENTITY(1,1) NOT NULL,
  [examid] int NULL,
  [filename] varchar(255) NOT NULL,
  [filedata] image NULL,
  [dateentered] datetime NULL CONSTRAINT [DF__ExamFiles__datee__5C229E14] DEFAULT (getdate()),
  [whoentered] int NOT NULL,
  [description] text NULL CONSTRAINT [DF__ExamFiles__descr__5D16C24D] DEFAULT (''),
  [visible] bit NULL CONSTRAINT [DF__ExamFiles__visib__5E0AE686] DEFAULT ((1))
,  CONSTRAINT [PK__ExamFile__666D81C0D90C3F3A] PRIMARY KEY CLUSTERED ([examfileid] ASC)
);"
dbo.ExamImportLog,"CREATE TABLE [dbo].[ExamImportLog] (

  [ExamImportLogID] int IDENTITY(1,1) NOT NULL,
  [ExamImportLogCodeID] int NOT NULL,
  [personid] int NOT NULL,
  [exam_form_id_externl] int NOT NULL,
  [lucourseid] int NOT NULL,
  [appid] int NOT NULL,
  [ExamImportTimeStamp] datetime NOT NULL CONSTRAINT [DF_ExamImportLog_ExamImportTimeStamp] DEFAULT (getdate()),
  [memo] varchar(8000) NOT NULL CONSTRAINT [DF_ExamImportLog_memo] DEFAULT ('')
,  CONSTRAINT [PK_ExamImportLog] PRIMARY KEY CLUSTERED ([ExamImportLogID] ASC)
);"
dbo.ExamImportLogCode,"CREATE TABLE [dbo].[ExamImportLogCode] (

  [ExamImportLogCodeID] int NOT NULL,
  [ExamImportTitle] varchar(250) NOT NULL CONSTRAINT [DF_ExamImportLogCode_ExamImportTitle] DEFAULT ('')
,  CONSTRAINT [PK_ExamImportLogCode] PRIMARY KEY CLUSTERED ([ExamImportLogCodeID] ASC)
);"
dbo.ExamRequest,"CREATE TABLE [dbo].[ExamRequest] (

  [ExamRequestId] int IDENTITY(1,1) NOT NULL,
  [personid] int NOT NULL,
  [lucourseid] int NOT NULL,
  [startdate] datetime NULL CONSTRAINT [DF__ExamReque__start__3D53FE31] DEFAULT (NULL),
  [enddate] datetime NULL CONSTRAINT [DF__ExamReque__endda__3E48226A] DEFAULT (NULL),
  [dateentered] datetime NOT NULL CONSTRAINT [DF__ExamReque__datee__3F3C46A3] DEFAULT (getdate()),
  [instructorfirstname] varchar(256) NOT NULL CONSTRAINT [DF__ExamReque__instr__40306ADC] DEFAULT (''),
  [instructorlastname] varchar(256) NOT NULL CONSTRAINT [DF__ExamReque__instr__41248F15] DEFAULT (''),
  [instructoremail] varchar(256) NOT NULL CONSTRAINT [DF__ExamReque__instr__4218B34E] DEFAULT (''),
  [instructorphone] varchar(256) NOT NULL CONSTRAINT [DF__ExamReque__instr__430CD787] DEFAULT (''),
  [appointmentid] int NULL,
  [memotext] varbinary(MAX) NULL
,  CONSTRAINT [PK__ExamRequ__B24A2EA738B638C3] PRIMARY KEY CLUSTERED ([ExamRequestId] ASC)
);"
dbo.ExamRequestAccommodations,"CREATE TABLE [dbo].[ExamRequestAccommodations] (

  [ExamRequestAccommodationId] int IDENTITY(1,1) NOT NULL,
  [ExamRequestId] int NOT NULL,
  [controlid] int NOT NULL
,  CONSTRAINT [PK__ExamRequ__5F593512C7C03176] PRIMARY KEY CLUSTERED ([ExamRequestAccommodationId] ASC)
);"
dbo.Exams,"CREATE TABLE [dbo].[Exams] (

  [examid] int IDENTITY(1,1) NOT NULL,
  [dateentered] datetime NULL CONSTRAINT [DF__Exams__dateenter__529933DA] DEFAULT (getdate()),
  [whoentered] int NOT NULL,
  [lucourseid] int NOT NULL,
  [description] varchar(MAX) NULL CONSTRAINT [df_exams_description] DEFAULT (''),
  [dateoftest] datetime NULL CONSTRAINT [DF__Exams__dateoftes__54817C4C] DEFAULT (getdate()),
  [visible] bit NULL CONSTRAINT [DF__Exams__visible__5575A085] DEFAULT ((1)),
  [usercomment] varchar(MAX) NULL CONSTRAINT [df_exams_usercomment] DEFAULT (''),
  [testduration] int NULL CONSTRAINT [DF__Exams__testdurat__575DE8F7] DEFAULT ((0)),
  [lastmodified] datetime NULL CONSTRAINT [DF__Exams__lastmodif__58520D30] DEFAULT (getdate()),
  [wholastmodified] int NULL CONSTRAINT [DF__Exams__wholastmo__59463169] DEFAULT (NULL),
  [typecode] char(1) NOT NULL CONSTRAINT [DF__Exams__typecode__371114F6] DEFAULT ('N'),
  [extendedproperties] varchar(MAX) NOT NULL CONSTRAINT [DF__Exams__extendedp__23942C2E] DEFAULT (''),
  [testpickedupdate] datetime NULL CONSTRAINT [DF__Exams__testpicke__24885067] DEFAULT (NULL),
  [testpickedupnote] varchar(MAX) NOT NULL CONSTRAINT [DF__Exams__testpicke__257C74A0] DEFAULT (''),
  [instructorcontacteddate] datetime NULL CONSTRAINT [DF__Exams__instructo__267098D9] DEFAULT (NULL),
  [instructorcontactednote] varchar(MAX) NOT NULL CONSTRAINT [DF__Exams__instructo__2764BD12] DEFAULT (''),
  [privatenote] varchar(MAX) NOT NULL CONSTRAINT [DF__Exams__privateno__2858E14B] DEFAULT (''),
  [InstructorAcknowledged] char(1) NOT NULL CONSTRAINT [DF__Exams__Instructo__53433F50] DEFAULT (' '),
  [filename] varchar(8000) NOT NULL CONSTRAINT [DF__Exams__filename__6621099A] DEFAULT ('')
,  CONSTRAINT [PK__Exams__A56C2E675C787178] PRIMARY KEY CLUSTERED ([examid] ASC)
);"
dbo.ExamsFastLoad,"CREATE TABLE [dbo].[ExamsFastLoad] (

  [examid] int NOT NULL,
  [dateentered] datetime NULL,
  [whoentered] int NOT NULL,
  [lucourseid] int NOT NULL,
  [description] varchar(MAX) NULL,
  [dateoftest] datetime NULL,
  [visible] bit NULL,
  [usercomment] varchar(MAX) NULL,
  [testduration] int NULL,
  [lastmodified] datetime NULL,
  [wholastmodified] int NULL,
  [typecode] char(1) NOT NULL CONSTRAINT [DF__ExamsFast__typec__4FDD8E17] DEFAULT ('N'),
  [extendedproperties] varchar(MAX) NOT NULL CONSTRAINT [DF__ExamsFast__exten__50D1B250] DEFAULT (''),
  [testpickedupdate] datetime NULL,
  [testpickedupnote] varchar(MAX) NOT NULL CONSTRAINT [DF__ExamsFast__testp__51C5D689] DEFAULT (''),
  [instructorcontacteddate] datetime NULL,
  [instructorcontactednote] varchar(MAX) NOT NULL CONSTRAINT [DF__ExamsFast__instr__52B9FAC2] DEFAULT (''),
  [privatenote] varchar(MAX) NOT NULL CONSTRAINT [DF__ExamsFast__priva__53AE1EFB] DEFAULT (''),
  [InstructorAcknowledged] char(1) NOT NULL CONSTRAINT [DF__ExamsFast__Instr__54A24334] DEFAULT (' '),
  [filename] varchar(8000) NOT NULL CONSTRAINT [DF__ExamsFast__filen__5596676D] DEFAULT ('')
,  CONSTRAINT [PK_ExamsFastLoad] PRIMARY KEY CLUSTERED ([examid] ASC)
);"
dbo.ExamSitting,"CREATE TABLE [dbo].[ExamSitting] (

  [sittingid] int IDENTITY(1,1) NOT NULL,
  [title] varchar(8000) NOT NULL CONSTRAINT [DF__ExamSitti__title__1486F2C8] DEFAULT (''),
  [examdate] datetime NULL CONSTRAINT [DF__ExamSitti__examd__157B1701] DEFAULT (NULL),
  [datecreated] datetime NOT NULL CONSTRAINT [DF__ExamSitti__datec__166F3B3A] DEFAULT (getdate()),
  [whocreated] int NULL CONSTRAINT [DF__ExamSitti__whocr__17635F73] DEFAULT (NULL),
  [invigilatorpid] int NULL CONSTRAINT [DF__ExamSitti__invig__185783AC] DEFAULT (NULL),
  [invigilatorconfirmed] int NOT NULL CONSTRAINT [DF__ExamSitti__invig__194BA7E5] DEFAULT ((0)),
  [rateofpay] int NOT NULL CONSTRAINT [DF__ExamSitti__rateo__1A3FCC1E] DEFAULT ((0)),
  [paymethod] int NOT NULL CONSTRAINT [DF__ExamSitti__payme__1B33F057] DEFAULT ((0)),
  [roompid] int NULL CONSTRAINT [DF__ExamSitti__roomp__1C281490] DEFAULT (NULL),
  [location] varchar(8000) NOT NULL CONSTRAINT [DF__ExamSitti__locat__1D1C38C9] DEFAULT (''),
  [privatenotes] varchar(MAX) NOT NULL CONSTRAINT [DF__ExamSitti__priva__1E105D02] DEFAULT (''),
  [invigilatornotes] varchar(MAX) NOT NULL CONSTRAINT [DF__ExamSitti__invig__1F04813B] DEFAULT (''),
  [scheduledstarttime] datetime NULL CONSTRAINT [DF__ExamSitti__sched__1FF8A574] DEFAULT (NULL),
  [scheduledendtime] datetime NULL CONSTRAINT [DF__ExamSitti__sched__20ECC9AD] DEFAULT (NULL),
  [actualtimein] datetime NULL CONSTRAINT [DF__ExamSitti__actua__21E0EDE6] DEFAULT (NULL),
  [actualtimeout] datetime NULL CONSTRAINT [DF__ExamSitti__actua__22D5121F] DEFAULT (NULL),
  [cancelled] bit NOT NULL CONSTRAINT [DF__ExamSitti__cance__23C93658] DEFAULT ((0)),
  [actualinvigilatortimein] datetime NULL CONSTRAINT [DF__ExamSitti__actua__69678A99] DEFAULT (NULL),
  [actualinvigilatortimeout] datetime NULL CONSTRAINT [DF__ExamSitti__actua__6A5BAED2] DEFAULT (NULL),
  [PayDate] datetime NULL CONSTRAINT [DF__ExamSitti__PayDa__5AE46118] DEFAULT (NULL),
  [IsPrivate] bit NOT NULL CONSTRAINT [DF__ExamSitti__IsPri__5EB4F1FC] DEFAULT ((0))
,  CONSTRAINT [PK__ExamSitt__E8E79524D8281C00] PRIMARY KEY CLUSTERED ([sittingid] ASC)
);"
dbo.ExamStatusLookup,"CREATE TABLE [dbo].[ExamStatusLookup] (

  [ExamStatusLookupId] int IDENTITY(1,1) NOT NULL,
  [title] varchar(256) NOT NULL CONSTRAINT [DF__ExamStatu__title__04DA9AE4] DEFAULT (''),
  [colourargb] int NULL CONSTRAINT [DF__ExamStatu__colou__05CEBF1D] DEFAULT (NULL),
  [isactive] bit NOT NULL CONSTRAINT [DF__ExamStatu__isact__06C2E356] DEFAULT ((1)),
  [ordernum] int NOT NULL CONSTRAINT [DF__ExamStatu__order__07B7078F] DEFAULT ((0)),
  [HideFromStudent] bit NOT NULL CONSTRAINT [DF__ExamStatu__HideF__5C629536] DEFAULT ((0))
,  CONSTRAINT [PK__ExamStat__072F42E02890D73E] PRIMARY KEY CLUSTERED ([ExamStatusLookupId] ASC)
);"
dbo.files,"CREATE TABLE [dbo].[files] (

  [fileid] int IDENTITY(1,1) NOT NULL,
  [filebytes] image NULL CONSTRAINT [DF__files__filebytes__522F1F86] DEFAULT (NULL),
  [filename] varchar(255) NOT NULL CONSTRAINT [DF__files__filename__532343BF] DEFAULT (''),
  [filetypecode] int NOT NULL CONSTRAINT [DF__files__filetypec__541767F8] DEFAULT ((0)),
  [isencrypted] bit NULL CONSTRAINT [DF__files__isencrypt__550B8C31] DEFAULT ((0)),
  [iscompressed] bit NULL CONSTRAINT [DF__files__iscompres__55FFB06A] DEFAULT ((0)),
  [dateuploaded] datetime NULL CONSTRAINT [DF__files__dateuploa__56F3D4A3] DEFAULT (getdate()),
  [whouploaded] int NOT NULL CONSTRAINT [DF__files__whoupload__57E7F8DC] DEFAULT ((0))
,  CONSTRAINT [PK__files__C2C7C2441A564965] PRIMARY KEY CLUSTERED ([fileid] ASC)
);"
dbo.FileStorage_Files,"CREATE TABLE [dbo].[FileStorage_Files] (

  [FileID] uniqueidentifier NOT NULL CONSTRAINT [DF__FileStora__FileI__1ACAA75A] DEFAULT (newid()),
  [Filename] varchar(500) NOT NULL CONSTRAINT [DF__FileStora__Filen__1BBECB93] DEFAULT (''),
  [FileLength] bigint NOT NULL CONSTRAINT [DF__FileStora__FileL__1CB2EFCC] DEFAULT ((0)),
  [WhoUploaded] int NOT NULL CONSTRAINT [DF__FileStora__WhoUp__1DA71405] DEFAULT ((0)),
  [LegacyID] int NOT NULL CONSTRAINT [DF__FileStora__Legac__1E9B383E] DEFAULT ((0)),
  [Source] varchar(500) NOT NULL CONSTRAINT [DF__FileStora__Sourc__1F8F5C77] DEFAULT (''),
  [FileUri] varchar(5000) NOT NULL CONSTRAINT [DF__FileStora__FileU__208380B0] DEFAULT (''),
  [DateCreated] datetime NOT NULL CONSTRAINT [DF__FileStora__DateC__2177A4E9] DEFAULT (getdate())
,  CONSTRAINT [PK_FileStorage_Files] PRIMARY KEY CLUSTERED ([FileID] ASC)
);"
dbo.FileStorage_TempFiles,"CREATE TABLE [dbo].[FileStorage_TempFiles] (

  [FileID] uniqueidentifier NOT NULL CONSTRAINT [DF__FileStora__FileI__24541194] DEFAULT (newid()),
  [Filename] varchar(500) NOT NULL CONSTRAINT [DF__FileStora__Filen__254835CD] DEFAULT (''),
  [FileLength] bigint NOT NULL CONSTRAINT [DF__FileStora__FileL__263C5A06] DEFAULT ((0)),
  [WhoUploaded] int NOT NULL CONSTRAINT [DF__FileStora__WhoUp__27307E3F] DEFAULT ((0)),
  [LegacyID] int NOT NULL CONSTRAINT [DF__FileStora__Legac__2824A278] DEFAULT ((0)),
  [Source] varchar(500) NOT NULL CONSTRAINT [DF__FileStora__Sourc__2918C6B1] DEFAULT (''),
  [FileUri] varchar(5000) NOT NULL CONSTRAINT [DF__FileStora__FileU__2A0CEAEA] DEFAULT (''),
  [DateCreated] datetime NOT NULL CONSTRAINT [DF__FileStora__DateC__2B010F23] DEFAULT (getdate())
,  CONSTRAINT [PK_FileStorage_TempFiles] PRIMARY KEY CLUSTERED ([FileID] ASC)
);"
dbo.FormApproval,"CREATE TABLE [dbo].[FormApproval] (

  [FormApprovalId] uniqueidentifier NOT NULL CONSTRAINT [DF__FormAppro__FormA__32A230EB] DEFAULT (newid()),
  [screennum] int NOT NULL,
  [personid] int NOT NULL,
  [appointmentid] int NULL,
  [DateCreated] datetime NOT NULL CONSTRAINT [DF__FormAppro__DateC__33965524] DEFAULT (getdate()),
  [WhoUploaded] int NOT NULL,
  [CurrentStateId] int NOT NULL CONSTRAINT [DF__FormAppro__Curre__348A795D] DEFAULT ((0)),
  [ApprovedFormApprovalSignatureId] uniqueidentifier NULL CONSTRAINT [DF__FormAppro__Appro__357E9D96] DEFAULT (NULL),
  [SubmittedFormApprovalSignatureId] uniqueidentifier NULL CONSTRAINT [DF__FormAppro__Submi__3672C1CF] DEFAULT (NULL)
,  CONSTRAINT [PK_FormApproval] PRIMARY KEY CLUSTERED ([FormApprovalId] ASC)
);"
dbo.FormApprovalComment,"CREATE TABLE [dbo].[FormApprovalComment] (

  [FormApprovalCommentId] uniqueidentifier NOT NULL CONSTRAINT [DF__FormAppro__FormA__394F2E7A] DEFAULT (newid()),
  [FormApprovalId] uniqueidentifier NOT NULL,
  [DateCreated] datetime NOT NULL CONSTRAINT [DF__FormAppro__DateC__3A4352B3] DEFAULT (getdate()),
  [WhoCreated] int NOT NULL,
  [CommentText] varbinary(MAX) NULL
,  CONSTRAINT [PK_FormApprovalComment] PRIMARY KEY CLUSTERED ([FormApprovalCommentId] ASC)
);"
dbo.FormApprovalSignature,"CREATE TABLE [dbo].[FormApprovalSignature] (

  [FormApprovalSignatureId] uniqueidentifier NOT NULL CONSTRAINT [DF__FormAppro__FormA__2ED1A007] DEFAULT (newid()),
  [personid] int NOT NULL,
  [signatureText] varbinary(MAX) NULL,
  [signatureImage] varbinary(MAX) NULL,
  [DateCreated] datetime NOT NULL CONSTRAINT [DF__FormAppro__DateC__2FC5C440] DEFAULT (getdate())
,  CONSTRAINT [PK_FormApprovalSignature] PRIMARY KEY CLUSTERED ([FormApprovalSignatureId] ASC)
);"
dbo.fundingsources,"CREATE TABLE [dbo].[fundingsources] (

  [fundingsourceid] int IDENTITY(1,1) NOT NULL,
  [title] varchar(255) NOT NULL,
  [description] text NULL,
  [active] bit NOT NULL CONSTRAINT [DF_fundingsources_active] DEFAULT ((1))
,  CONSTRAINT [PK_fundingsources] PRIMARY KEY CLUSTERED ([fundingsourceid] ASC)
);"
dbo.generallog,"CREATE TABLE [dbo].[generallog] (

  [generallogid] int IDENTITY(1,1) NOT NULL,
  [success] bit NOT NULL CONSTRAINT [DF__generallo__succe__1EC48A19] DEFAULT ((1)),
  [personid] int NULL CONSTRAINT [DF__generallo__perso__1FB8AE52] DEFAULT (NULL),
  [whodidit] int NULL CONSTRAINT [DF__generallo__whodi__20ACD28B] DEFAULT (NULL),
  [logtype] int NULL CONSTRAINT [DF__generallo__logty__21A0F6C4] DEFAULT (NULL),
  [logsubtype] int NULL CONSTRAINT [DF__generallo__logsu__22951AFD] DEFAULT (NULL),
  [logdatetime] datetime NULL CONSTRAINT [DF__generallo__logda__23893F36] DEFAULT (getdate()),
  [id1] int NOT NULL CONSTRAINT [DF__generallog__id1__247D636F] DEFAULT ((0)),
  [id2] int NOT NULL CONSTRAINT [DF__generallog__id2__257187A8] DEFAULT ((0)),
  [id3] int NOT NULL CONSTRAINT [DF__generallog__id3__2665ABE1] DEFAULT ((0)),
  [generallognote] text NULL CONSTRAINT [DF__generallo__gener__2759D01A] DEFAULT ('')
,  CONSTRAINT [PK__generall__D5F8F2CE17BE1B46] PRIMARY KEY CLUSTERED ([generallogid] ASC)
);"
dbo.Groups,"CREATE TABLE [dbo].[Groups] (

  [GroupID] int IDENTITY(1,1) NOT NULL,
  [description] varchar(75) NOT NULL CONSTRAINT [DF_Groups_description] DEFAULT (''),
  [isPrimary] bit NOT NULL CONSTRAINT [DF_Groups_isPrimary] DEFAULT ((0)),
  [viewAppsVisible] bit NOT NULL CONSTRAINT [DF_Groups_viewAppsVisible] DEFAULT ((1)),
  [fullDescription] varchar(1000) NOT NULL CONSTRAINT [DF_Groups_fullDescription] DEFAULT (''),
  [ordernum] int NOT NULL CONSTRAINT [DF__Groups__ordernum__2DE6D218] DEFAULT ((99999))
,  CONSTRAINT [PK_Groups] PRIMARY KEY CLUSTERED ([GroupID] ASC)
);"
dbo.GroupsCustom,"CREATE TABLE [dbo].[GroupsCustom] (

  [groupid] int IDENTITY(1,1) NOT NULL,
  [description] varchar(255) NOT NULL CONSTRAINT [DF__GroupsCus__descr__318D45CA] DEFAULT (''),
  [ownerpersonid] int NULL CONSTRAINT [DF__GroupsCus__owner__32816A03] DEFAULT (NULL),
  [ordernum] int NOT NULL CONSTRAINT [DF__GroupsCus__order__33758E3C] DEFAULT ((0))
,  CONSTRAINT [PK__GroupsCu__88C40F85254B8CCF] PRIMARY KEY CLUSTERED ([groupid] ASC)
);"
dbo.imageinfoaccommodationps,"CREATE TABLE [dbo].[imageinfoaccommodationps] (

  [DataID] int IDENTITY(1,1) NOT NULL,
  [ScreenNum] int NOT NULL CONSTRAINT [DF_ImageInfoAccommodationPS_ScreenNum] DEFAULT ((-1)),
  [personID] int NOT NULL,
  [controlID] int NOT NULL,
  [ControlValue] varbinary(MAX) NULL,
  [courseid] int NOT NULL CONSTRAINT [DF__imageinfo__cours__3572E547] DEFAULT ((0)),
  [flavour] int NOT NULL CONSTRAINT [DF__imageinfo__flavo__36670980] DEFAULT ((-1)),
  [offline] bit NOT NULL CONSTRAINT [DF__imageinfo__offli__7E77B618] DEFAULT ((0)),
  [datemodified] datetime NOT NULL CONSTRAINT [DF__imageinfo__datem__7F6BDA51] DEFAULT (getdate()),
  [whomodified] int NULL CONSTRAINT [DF__imageinfo__whomo__005FFE8A] DEFAULT (NULL),
  [expirydate] datetime NULL CONSTRAINT [DF__imageinfo__expir__09E968C4] DEFAULT (NULL),
  [altlongdescription] varbinary(8000) NULL,
  [note] varbinary(8000) NULL,
  [showonletter] int NOT NULL CONSTRAINT [DF__imageinfo__showo__0ADD8CFD] DEFAULT ((1)),
  [sessiondateentered] datetime NOT NULL CONSTRAINT [DF__imageinfo__sessi__0BD1B136] DEFAULT (getdate()),
  [approved] bit NOT NULL CONSTRAINT [DF__imageinfo__appro__127EAEC5] DEFAULT ((0)),
  [recommendedbutdeclined] bit NOT NULL CONSTRAINT [DF__imageinfo__recom__1372D2FE] DEFAULT ((0)),
  [rationale] varbinary(8000) NULL,
  [recommendedbutdeclineddetail] varbinary(8000) NULL,
  [metadata] varbinary(MAX) NULL CONSTRAINT [DF__imageinfo__metad__467E410F] DEFAULT (NULL)
,  CONSTRAINT [PK__imageinf__9D05305D53D759DA] PRIMARY KEY CLUSTERED ([DataID] ASC)
);"
dbo.ImageInfoHide,"CREATE TABLE [dbo].[ImageInfoHide] (

  [DataID] int IDENTITY(1,1) NOT NULL,
  [ScreenNum] int NOT NULL,
  [personID] int NOT NULL,
  [ControlID] int NOT NULL,
  [ControlValue] varbinary(MAX) NULL,
  [appointmentID] int NULL,
  [metadata] varbinary(MAX) NULL CONSTRAINT [DF__ImageInfo__metad__48668981] DEFAULT (NULL)
,  CONSTRAINT [PK__ImageInf__9D05305D7F73CA6E] PRIMARY KEY CLUSTERED ([DataID] ASC)
);"
dbo.ImageInfoHide2,"CREATE TABLE [dbo].[ImageInfoHide2] (

  [DataID] int IDENTITY(1,1) NOT NULL,
  [ScreenNum] int NOT NULL,
  [personID] int NOT NULL,
  [ControlID] int NOT NULL,
  [ControlValue] varbinary(MAX) NULL,
  [appointmentID] int NULL,
  [metadata] varbinary(MAX) NULL CONSTRAINT [DF__ImageInfo__metad__4A4ED1F3] DEFAULT (NULL)
,  CONSTRAINT [PK__ImageInf__9D05305D355E530A] PRIMARY KEY CLUSTERED ([DataID] ASC)
);"
dbo.ImageInfoInstructorPM,"CREATE TABLE [dbo].[ImageInfoInstructorPM] (

  [DataID] int IDENTITY(1,1) NOT NULL,
  [appointmentid] int NOT NULL,
  [personid] int NOT NULL,
  [controlid] int NOT NULL,
  [controlvalue] varbinary(MAX) NULL,
  [metadata] varbinary(MAX) NULL CONSTRAINT [DF__ImageInfo__metad__4C371A65] DEFAULT (NULL)
,  CONSTRAINT [PK__ImageInf__9D05305D1E298ACB] PRIMARY KEY CLUSTERED ([DataID] ASC)
);"
dbo.imageinfoIntake,"CREATE TABLE [dbo].[imageinfoIntake] (

  [DataID] int IDENTITY(1,1) NOT NULL,
  [personid] int NULL,
  [controlid] int NULL,
  [controlvalue] varbinary(MAX) NULL,
  [metadata] varbinary(MAX) NULL CONSTRAINT [DF__imageinfo__metad__4E1F62D7] DEFAULT (NULL)
,  CONSTRAINT [PK__imageinf__9D05305D93DE9735] PRIMARY KEY CLUSTERED ([DataID] ASC)
);"
dbo.ImageInfoOnlineForm,"CREATE TABLE [dbo].[ImageInfoOnlineForm] (

  [DataID] int IDENTITY(1,1) NOT NULL,
  [ScreenNum] int NOT NULL CONSTRAINT [DF__ImageInfo__Scree__2FB0B5A7] DEFAULT ((-1)),
  [PersonID] int NOT NULL CONSTRAINT [DF__ImageInfo__Perso__30A4D9E0] DEFAULT ((-1)),
  [ControlID] int NOT NULL CONSTRAINT [DF__ImageInfo__Contr__3198FE19] DEFAULT ((-1)),
  [ControlValue] varbinary(MAX) NULL,
  [people_onlineFormId] int NULL CONSTRAINT [DF__ImageInfo__peopl__328D2252] DEFAULT (NULL),
  [metadata] varbinary(MAX) NULL CONSTRAINT [DF__ImageInfo__metad__34756AC4] DEFAULT (NULL)
,  CONSTRAINT [PK__ImageInf__9D05305D7F2DFA32] PRIMARY KEY CLUSTERED ([DataID] ASC)
);"
dbo.ImageInfoPA,"CREATE TABLE [dbo].[ImageInfoPA] (

  [DataID] int IDENTITY(1,1) NOT NULL,
  [ScreenNum] int NOT NULL,
  [personID] int NOT NULL,
  [controlID] int NOT NULL,
  [ControlValue] varbinary(MAX) NULL,
  [appointmentID] int NOT NULL,
  [metadata] varbinary(MAX) NULL CONSTRAINT [DF__ImageInfo__metad__42ADB02B] DEFAULT (NULL)
,  CONSTRAINT [PK__ImageInf__9D05305D9DE54B3C] PRIMARY KEY CLUSTERED ([DataID] ASC)
);"
dbo.ImageInfoPAF,"CREATE TABLE [dbo].[ImageInfoPAF] (

  [DataID] int IDENTITY(1,1) NOT NULL,
  [personid] int NOT NULL,
  [controlid] int NOT NULL,
  [controlvalue] varbinary(MAX) NULL,
  [screennum] int NOT NULL CONSTRAINT [DF__ImageInfo__scree__2141CF68] DEFAULT ((0)),
  [metadata] varbinary(MAX) NULL CONSTRAINT [DF__ImageInfo__metad__5007AB49] DEFAULT (NULL)
,  CONSTRAINT [PK__ImageInf__9D05305D1914E92B] PRIMARY KEY CLUSTERED ([DataID] ASC)
);"
dbo.ImageInfoPAFArchive,"CREATE TABLE [dbo].[ImageInfoPAFArchive] (

  [ArchiveDataID] int IDENTITY(1,1) NOT NULL,
  [dateentered] datetime NOT NULL CONSTRAINT [DF__ImageInfo__datee__363CEC4E] DEFAULT (getdate()),
  [whoentered] int NULL CONSTRAINT [DF__ImageInfo__whoen__37311087] DEFAULT (NULL),
  [wasdeleted] bit NOT NULL CONSTRAINT [DF__ImageInfo__wasde__382534C0] DEFAULT ((0)),
  [personid] int NOT NULL,
  [controlid] int NOT NULL,
  [oldcontrolvalue] image NULL CONSTRAINT [DF__ImageInfo__oldco__391958F9] DEFAULT (NULL)
,  CONSTRAINT [PK__ImageInf__C7869C5DC1C95D11] PRIMARY KEY CLUSTERED ([ArchiveDataID] ASC)
);"
dbo.ImageInfoPC,"CREATE TABLE [dbo].[ImageInfoPC] (

  [DataID] int IDENTITY(1,1) NOT NULL,
  [personid] int NOT NULL,
  [controlid] int NOT NULL,
  [controlvalue] varbinary(MAX) NULL,
  [screennum] int NOT NULL CONSTRAINT [DF__ImageInfo__scree__1D314762] DEFAULT ((0)),
  [metadata] varbinary(MAX) NULL CONSTRAINT [DF__ImageInfo__metad__51EFF3BB] DEFAULT (NULL)
,  CONSTRAINT [PK__ImageInf__9D05305DBED8F6FF] PRIMARY KEY CLUSTERED ([DataID] ASC)
);"
dbo.ImageInfoPCArchive,"CREATE TABLE [dbo].[ImageInfoPCArchive] (

  [ArchiveDataID] int IDENTITY(1,1) NOT NULL,
  [dateentered] datetime NOT NULL CONSTRAINT [DF__ImageInfo__datee__2E079900] DEFAULT (getdate()),
  [whoentered] int NULL CONSTRAINT [DF__ImageInfo__whoen__2EFBBD39] DEFAULT (NULL),
  [wasdeleted] bit NOT NULL CONSTRAINT [DF__ImageInfo__wasde__2FEFE172] DEFAULT ((0)),
  [personid] int NOT NULL,
  [controlid] int NOT NULL,
  [oldcontrolvalue] image NULL CONSTRAINT [DF__ImageInfo__oldco__30E405AB] DEFAULT (NULL)
,  CONSTRAINT [PK__ImageInf__C7869C5D4FFEEFDF] PRIMARY KEY CLUSTERED ([ArchiveDataID] ASC)
);"
dbo.ImageInfoPI,"CREATE TABLE [dbo].[ImageInfoPI] (

  [DataID] int IDENTITY(1,1) NOT NULL,
  [personid] int NOT NULL,
  [controlid] int NOT NULL,
  [controlvalue] varbinary(MAX) NULL,
  [screennum] int NOT NULL CONSTRAINT [DF__ImageInfo__scree__5105F123] DEFAULT ((0)),
  [metadata] varbinary(MAX) NULL CONSTRAINT [DF__ImageInfo__metad__53D83C2D] DEFAULT (NULL)
,  CONSTRAINT [PK__ImageInf__9D05305DE0E8E84C] PRIMARY KEY CLUSTERED ([DataID] ASC)
);"
dbo.ImageInfoPIArchive,"CREATE TABLE [dbo].[ImageInfoPIArchive] (

  [ArchiveDataID] int IDENTITY(1,1) NOT NULL,
  [dateentered] datetime NOT NULL CONSTRAINT [DF__ImageInfo__datee__0F231F2D] DEFAULT (getdate()),
  [whoentered] int NULL CONSTRAINT [DF__ImageInfo__whoen__10174366] DEFAULT (NULL),
  [wasdeleted] bit NOT NULL CONSTRAINT [DF__ImageInfo__wasde__110B679F] DEFAULT ((0)),
  [personid] int NOT NULL,
  [controlid] int NOT NULL,
  [oldcontrolvalue] image NULL CONSTRAINT [DF__ImageInfo__oldco__11FF8BD8] DEFAULT (NULL)
,  CONSTRAINT [PK__ImageInf__C7869C5D8569D6CA] PRIMARY KEY CLUSTERED ([ArchiveDataID] ASC)
);"
dbo.imageinfopie,"CREATE TABLE [dbo].[imageinfopie] (

  [DataID] int IDENTITY(1,1) NOT NULL,
  [ScreenNum] int NOT NULL,
  [personID] int NOT NULL,
  [controlID] int NOT NULL,
  [ControlValue] varbinary(MAX) NULL,
  [appointmentID] int NULL,
  [metadata] varbinary(MAX) NULL CONSTRAINT [DF__imageinfo__metad__55C0849F] DEFAULT (NULL)
,  CONSTRAINT [PK__imageinf__9D05305DAE298D90] PRIMARY KEY CLUSTERED ([DataID] ASC)
);"
dbo.ImageInfoPJA,"CREATE TABLE [dbo].[ImageInfoPJA] (

  [DataID] int IDENTITY(1,1) NOT NULL,
  [ScreenNum] int NOT NULL,
  [personID] int NOT NULL,
  [controlID] int NOT NULL,
  [ControlValue] varbinary(MAX) NULL,
  [appointmentID] int NOT NULL,
  [metadata] varbinary(MAX) NULL CONSTRAINT [DF__ImageInfo__metad__57A8CD11] DEFAULT (NULL)
,  CONSTRAINT [PK__ImageInf__9D05305D89B68DFF] PRIMARY KEY CLUSTERED ([DataID] ASC)
);"
dbo.ImageInfoPM,"CREATE TABLE [dbo].[ImageInfoPM] (

  [DataID] int IDENTITY(1,1) NOT NULL,
  [appointmentid] int NOT NULL,
  [personid] int NOT NULL,
  [controlid] int NOT NULL,
  [controlvalue] varbinary(MAX) NULL,
  [metadata] varbinary(MAX) NULL CONSTRAINT [DF__ImageInfo__metad__59911583] DEFAULT (NULL)
,  CONSTRAINT [PK__ImageInf__9D05305DEFA6B719] PRIMARY KEY CLUSTERED ([DataID] ASC)
);"
dbo.ImageInfoPS,"CREATE TABLE [dbo].[ImageInfoPS] (

  [DataID] int IDENTITY(1,1) NOT NULL,
  [ScreenNum] int NOT NULL,
  [PersonID] int NOT NULL,
  [ControlID] int NOT NULL,
  [ControlValue] varbinary(MAX) NULL,
  [metadata] varbinary(MAX) NULL CONSTRAINT [DF__ImageInfo__metad__4495F89D] DEFAULT (NULL),
  [LastUpdated] datetime NULL CONSTRAINT [DF__ImageInfo__LastU__560B68B9] DEFAULT (NULL)
,  CONSTRAINT [PK_ImageInfoPS] PRIMARY KEY CLUSTERED ([DataID] ASC)
);"
dbo.ImageInfoPSArchive,"CREATE TABLE [dbo].[ImageInfoPSArchive] (

  [ArchiveDataID] int IDENTITY(1,1) NOT NULL,
  [dateentered] datetime NOT NULL CONSTRAINT [DF__ImageInfo__datee__51C50B32] DEFAULT (getdate()),
  [whoentered] int NULL CONSTRAINT [DF__ImageInfo__whoen__52B92F6B] DEFAULT (NULL),
  [wasdeleted] bit NOT NULL CONSTRAINT [DF__ImageInfo__wasde__53AD53A4] DEFAULT ((0)),
  [personid] int NOT NULL,
  [controlid] int NOT NULL,
  [oldcontrolvalue] image NULL CONSTRAINT [DF__ImageInfo__oldco__54A177DD] DEFAULT (NULL)
,  CONSTRAINT [PK__ImageInf__C7869C5D4253859B] PRIMARY KEY CLUSTERED ([ArchiveDataID] ASC)
);"
dbo.ImageInfoPsArchive2,"CREATE TABLE [dbo].[ImageInfoPsArchive2] (

  [PersonID] int NOT NULL,
  [ControlID] int NOT NULL,
  [ControlValue] varbinary(MAX) NULL,
  [TimeStamp] datetime NOT NULL CONSTRAINT [DF__ImageInfo__TimeS__517AF26F] DEFAULT (getdate())
);"
dbo.ImageInfoSurvey,"CREATE TABLE [dbo].[ImageInfoSurvey] (

  [DataID] int IDENTITY(1,1) NOT NULL,
  [ScreenNum] int NOT NULL CONSTRAINT [DF__ImageInfo__Scree__28C3C0F6] DEFAULT ((-1)),
  [PersonID] int NOT NULL CONSTRAINT [DF__ImageInfo__Perso__29B7E52F] DEFAULT ((-1)),
  [ControlID] int NOT NULL CONSTRAINT [DF__ImageInfo__Contr__2AAC0968] DEFAULT ((-1)),
  [ControlValue] varbinary(MAX) NULL,
  [people_surveyId] int NULL CONSTRAINT [DF__ImageInfo__peopl__6EB71AF2] DEFAULT (NULL),
  [metadata] varbinary(MAX) NULL CONSTRAINT [DF__ImageInfo__metad__69534757] DEFAULT (NULL)
,  CONSTRAINT [PK__ImageInf__9D05305DF2939A84] PRIMARY KEY CLUSTERED ([DataID] ASC)
);"
dbo.ImageInfoWL,"CREATE TABLE [dbo].[ImageInfoWL] (

  [DataID] int IDENTITY(1,1) NOT NULL,
  [screennum] int NOT NULL CONSTRAINT [DF__ImageInfo__scree__0C5BC11B] DEFAULT ((0)),
  [personid] int NOT NULL,
  [controlid] int NOT NULL,
  [controlvalue] varbinary(MAX) NULL,
  [appointmentid] int NOT NULL CONSTRAINT [DF__ImageInfo__appoi__0E44098D] DEFAULT ((0)),
  [metadata] varbinary(MAX) NULL CONSTRAINT [DF__ImageInfo__metad__5B795DF5] DEFAULT (NULL)
,  CONSTRAINT [PK__ImageInf__9D05305D5FFFBB10] PRIMARY KEY CLUSTERED ([DataID] ASC)
);"
dbo.InfoPC,"CREATE TABLE [dbo].[InfoPC] (

  [personid] int IDENTITY(1,1) NOT NULL,
  [student_no] varbinary(8000) NULL CONSTRAINT [DF__InfoPC__student___200DB40D] DEFAULT (NULL),
  [dateentered] datetime NULL CONSTRAINT [DF__InfoPC__dateente__2101D846] DEFAULT (getdate()),
  [whoentered] int NOT NULL,
  [description] text NULL CONSTRAINT [DF__InfoPC__descript__21F5FC7F] DEFAULT (''),
  [title] varchar(8000) NULL CONSTRAINT [DF__InfoPC__title__22EA20B8] DEFAULT (''),
  [isactive] bit NOT NULL CONSTRAINT [DF__InfoPC__isactive__23DE44F1] DEFAULT ((1))
,  CONSTRAINT [PK__InfoPC__EC7C617516612A61] PRIMARY KEY CLUSTERED ([personid] ASC)
);"
dbo.InfoPCpeople,"CREATE TABLE [dbo].[InfoPCpeople] (

  [infopcid] int NOT NULL,
  [personid] int NOT NULL,
  [usertype] int NOT NULL CONSTRAINT [DF__InfoPCpeo__usert__26BAB19C] DEFAULT ((0))
,  CONSTRAINT [PK__InfoPCpe__C0012A7249209D69] PRIMARY KEY CLUSTERED ([infopcid] ASC,[personid] ASC)
);"
dbo.InfoPM,"CREATE TABLE [dbo].[InfoPM] (

  [appointmentid] int IDENTITY(1,1) NOT NULL,
  [dateentered] datetime NULL CONSTRAINT [DF__InfoPM__dateente__3E923B2D] DEFAULT (getdate()),
  [whoentered] int NOT NULL,
  [personid] int NOT NULL,
  [description] text NULL CONSTRAINT [DF__InfoPM__descript__3F865F66] DEFAULT (''),
  [screennum] int NOT NULL CONSTRAINT [DF__InfoPM__screennu__407A839F] DEFAULT ((0))
,  CONSTRAINT [PK__InfoPM__D066612646C0BBE4] PRIMARY KEY CLUSTERED ([appointmentid] ASC)
);"
dbo.InventoryV2_ActiveLoan,"CREATE TABLE [dbo].[InventoryV2_ActiveLoan] (

  [LoanID] int IDENTITY(1,1) NOT NULL,
  [ProductUniqueID] uniqueidentifier NOT NULL,
  [LoanGroupId] int NOT NULL
,  CONSTRAINT [PK_InventoryV2_Loan] PRIMARY KEY CLUSTERED ([LoanID] ASC)
);"
dbo.InventoryV2_AttachedFile,"CREATE TABLE [dbo].[InventoryV2_AttachedFile] (

  [AttachmentID] int IDENTITY(1,1) NOT NULL,
  [ItemID] uniqueidentifier NOT NULL,
  [AttachmentName] nvarchar(250) NOT NULL,
  [CreatedDate] datetime NOT NULL CONSTRAINT [DF_Inventory_AttachedFile_CreatedDate] DEFAULT (getdate()),
  [Notes] nvarchar(MAX) NOT NULL CONSTRAINT [DF_Inventory_AttachedFile_Notes] DEFAULT (''),
  [SizeInBytes] int NOT NULL
,  CONSTRAINT [PK_InventoryV2_AttachedFile] PRIMARY KEY CLUSTERED ([AttachmentID] ASC)
);"
dbo.InventoryV2_Catalog,"CREATE TABLE [dbo].[InventoryV2_Catalog] (

  [CatalogID] int IDENTITY(1,1) NOT NULL,
  [CatalogName] nvarchar(250) NOT NULL,
  [CatalogDescription] nvarchar(4000) NOT NULL CONSTRAINT [DF_Inventory_Catalog_Description] DEFAULT (''),
  [IsActive] bit NOT NULL CONSTRAINT [DF_InventoryV2_Catalog_IsActive] DEFAULT ((1)),
  [WhoCreatedPersonId] int NOT NULL CONSTRAINT [DF_InventoryV2_Catalog_WhoCreatedPersonId] DEFAULT ((0)),
  [DateCreated] datetime NOT NULL CONSTRAINT [DF_InventoryV2_Catalog_DateCreated] DEFAULT (getdate())
,  CONSTRAINT [PK_InventoryV2_Catalog] PRIMARY KEY CLUSTERED ([CatalogID] ASC)
);"
dbo.InventoryV2_Category,"CREATE TABLE [dbo].[InventoryV2_Category] (

  [CategoryName] varchar(900) NOT NULL,
  [DynamicFormID] int NULL,
  [CatalogId] int NOT NULL
,  CONSTRAINT [PK_InventoryV2_Category_1] PRIMARY KEY CLUSTERED ([CategoryName] ASC)
);"
dbo.InventoryV2_LoanGroup,"CREATE TABLE [dbo].[InventoryV2_LoanGroup] (

  [LoanGroupId] int IDENTITY(1,1) NOT NULL,
  [LoanedDate] datetime NOT NULL CONSTRAINT [DF_InventoryV2_LoanGroup_LoanedDate] DEFAULT (getdate()),
  [DueDate] datetime NOT NULL,
  [LoanNotes] nvarchar(MAX) NOT NULL CONSTRAINT [DF_InventoryV2_LoanGroup_LoanNotes] DEFAULT (''),
  [LoanedToID] int NOT NULL,
  [LocationID] int NULL,
  [WhoLoanedID] int NOT NULL CONSTRAINT [DF_InventoryV2_LoanGroup_WhoLoanedID] DEFAULT ((0))
,  CONSTRAINT [PK_InventoryV2_LoanGroup] PRIMARY KEY CLUSTERED ([LoanGroupId] ASC)
);"
dbo.InventoryV2_LoanStatus,"CREATE TABLE [dbo].[InventoryV2_LoanStatus] (

  [LoanStatusID] int IDENTITY(1,1) NOT NULL,
  [LoanStatusName] varchar(250) NOT NULL,
  [LoanStatusDescription] varchar(MAX) NOT NULL CONSTRAINT [DF_InventoryV2_LoanStatus_LoanStatusDescription] DEFAULT ('')
,  CONSTRAINT [PK_InventoryV2_LoanStatus] PRIMARY KEY CLUSTERED ([LoanStatusID] ASC)
);"
dbo.InventoryV2_Location,"CREATE TABLE [dbo].[InventoryV2_Location] (

  [LocationID] int IDENTITY(1,1) NOT NULL,
  [Campus] nvarchar(250) NOT NULL CONSTRAINT [DF_Inventory_Location_Campus] DEFAULT (''),
  [Building] nvarchar(250) NOT NULL CONSTRAINT [DF_Inventory_Location_Building] DEFAULT (''),
  [RoomNumber] nvarchar(250) NOT NULL CONSTRAINT [DF_Inventory_Location_RoomNumber] DEFAULT (''),
  [Seat] nvarchar(250) NOT NULL CONSTRAINT [DF_Inventory_Location_Seat] DEFAULT (''),
  [LocationNotes] nvarchar(MAX) NOT NULL CONSTRAINT [DF_Inventory_Location_Notes] DEFAULT ('')
,  CONSTRAINT [PK_InventoryV2_Location] PRIMARY KEY CLUSTERED ([LocationID] ASC)
);"
dbo.InventoryV2_Product,"CREATE TABLE [dbo].[InventoryV2_Product] (

  [ProductUniqueID] uniqueidentifier NOT NULL CONSTRAINT [DF_Inventory_Item_UniqueID] DEFAULT (newid()),
  [ProductName] varchar(250) NOT NULL,
  [SerialNumber] varchar(500) NOT NULL CONSTRAINT [DF_Inventory_Item_SerialNumber] DEFAULT (''),
  [ProductStatusID] int NOT NULL,
  [CategoryName] varchar(900) NOT NULL,
  [ProductDescription] varchar(MAX) NOT NULL CONSTRAINT [DF_Inventory_Item_Description] DEFAULT (''),
  [ProductNotes] varchar(MAX) NOT NULL CONSTRAINT [DF_Inventory_Item_Notes] DEFAULT (''),
  [Thumbnail] image NULL,
  [Vendor] nvarchar(250) NOT NULL CONSTRAINT [DF_Inventory_Item_Vendor] DEFAULT (''),
  [PurchaseDate] datetime NULL,
  [PurchaseAmount] float NOT NULL CONSTRAINT [DF_Inventory_Item_PurchaseAmount] DEFAULT ((0)),
  [WarrantyExpirationDate] datetime NULL,
  [PurchaseInfo] varchar(MAX) NOT NULL CONSTRAINT [DF_Inventory_Item_PurchaseInfo] DEFAULT (''),
  [LocationID] int NULL,
  [LocationDate] datetime NULL,
  [InChargePersonID] int NOT NULL,
  [GroupID] int NULL,
  [LoanID] int NULL,
  [IsActive] bit NOT NULL CONSTRAINT [DF_InventoryV2_Product_IsActive] DEFAULT ((1)),
  [BarCode] varchar(100) NOT NULL CONSTRAINT [DF_InventoryV2_Product_BarCode] DEFAULT (''),
  [ProductDynamicDataID] int IDENTITY(1,1) NOT NULL,
  [Accessories] xml NULL
,  CONSTRAINT [PK_InventoryV2_Product_ProductUniqueID] PRIMARY KEY CLUSTERED ([ProductUniqueID] ASC)
);"
dbo.InventoryV2_ProductGroup,"CREATE TABLE [dbo].[InventoryV2_ProductGroup] (

  [ProductGroupID] int IDENTITY(1,1) NOT NULL,
  [GroupName] nvarchar(250) NOT NULL,
  [GroupNotes] nvarchar(MAX) NOT NULL CONSTRAINT [DF_Inventory_GroupItem_Notes] DEFAULT ('')
,  CONSTRAINT [PK_InventoryV2_GroupItem] PRIMARY KEY CLUSTERED ([ProductGroupID] ASC)
);"
dbo.InventoryV2_ProductSnapshot,"CREATE TABLE [dbo].[InventoryV2_ProductSnapshot] (

  [ProductSnapshotID] int IDENTITY(1,1) NOT NULL,
  [ProductUniqueID] uniqueidentifier NOT NULL CONSTRAINT [DF_InventoryV2_ProductSnapshot_ProductUniqueID] DEFAULT (newid()),
  [ProductDynamicDataID] int NOT NULL,
  [ProductName] varchar(250) NOT NULL,
  [BarCode] varchar(100) NOT NULL CONSTRAINT [DF_InventoryV2_ProductSnapshot_BarCode] DEFAULT (''),
  [SerialNumber] varchar(500) NOT NULL CONSTRAINT [DF_InventoryV2_ProductSnapshot_SerialNumber] DEFAULT (''),
  [CategoryName] varchar(900) NOT NULL,
  [Location] varchar(MAX) NOT NULL CONSTRAINT [DF_InventoryV2_ProductSnapshot_Location] DEFAULT (''),
  [LocationDate] datetime NULL,
  [InChargePersonID] int NOT NULL,
  [GroupName] nvarchar(250) NOT NULL CONSTRAINT [DF_InventoryV2_ProductSnapshot_GroupName] DEFAULT (''),
  [ProductStatus] nvarchar(250) NOT NULL,
  [ReturnLoanID] int NULL CONSTRAINT [DF_Table_1_LoanID] DEFAULT ((0)),
  [LoanGroupId] int NULL,
  [LoanedDate] datetime NULL,
  [DueDate] datetime NULL,
  [ReturnedDate] datetime NULL,
  [LoanedToPersonId] int NOT NULL CONSTRAINT [DF_InventoryV2_ProductSnapshot_LoanedToID] DEFAULT ((0)),
  [LoanLocation] varchar(MAX) NOT NULL CONSTRAINT [DF_InventoryV2_ProductSnapshot_LoanLocation] DEFAULT (''),
  [WhoLoanedPersonId] int NOT NULL CONSTRAINT [DF_InventoryV2_ProductSnapshot_WhoLoanedID] DEFAULT ((0)),
  [WhoReturnedPersonId] int NOT NULL CONSTRAINT [DF_InventoryV2_ProductSnapshot_WhoReturnedPersonId] DEFAULT ((0)),
  [LoanNotes] nvarchar(MAX) NOT NULL CONSTRAINT [DF_InventoryV2_ProductSnapshot_LoanNotes] DEFAULT (''),
  [ReturnedStatus] varchar(250) NOT NULL CONSTRAINT [DF_InventoryV2_ProductSnapshot_ReturnedStatus] DEFAULT (''),
  [ReturnedNotes] varchar(MAX) NOT NULL CONSTRAINT [DF_InventoryV2_ProductSnapshot_ReturnedNotes] DEFAULT (''),
  [WhoModifiedPersonId] int NOT NULL CONSTRAINT [DF_InventoryV2_ProductSnapshot_WhoModifiedPersonId] DEFAULT ((0)),
  [ModifiedDate] datetime NOT NULL CONSTRAINT [DF_InventoryV2_ProductSnapshot_ModifiedDate] DEFAULT (getdate()),
  [Reason] varchar(250) NOT NULL CONSTRAINT [DF_InventoryV2_ProductSnapshot_Reason] DEFAULT (''),
  [Accessories] xml NULL
,  CONSTRAINT [PK_InventoryV2_ProductSnapshot] PRIMARY KEY CLUSTERED ([ProductSnapshotID] ASC)
);"
dbo.InventoryV2_ProductStatus,"CREATE TABLE [dbo].[InventoryV2_ProductStatus] (

  [ProductStatusID] int IDENTITY(1,1) NOT NULL,
  [ProductStatusName] nvarchar(250) NOT NULL,
  [ProductStatusDescription] varchar(MAX) NOT NULL CONSTRAINT [DF_InventoryV2_ProductStatus_ProductStatusDescription] DEFAULT ('')
,  CONSTRAINT [PK_InventoryV2_ItemStatus] PRIMARY KEY CLUSTERED ([ProductStatusID] ASC)
);"
dbo.InventoryV2_Reservation,"CREATE TABLE [dbo].[InventoryV2_Reservation] (

  [ReservationID] int IDENTITY(1,1) NOT NULL,
  [ProductUniqueId] uniqueidentifier NOT NULL,
  [ReservationGroupId] int NOT NULL,
  [IsCompleted] bit NOT NULL CONSTRAINT [DF_InventoryV2_Reservation_IsCompleted] DEFAULT ((0))
,  CONSTRAINT [PK_InventoryV2_Reservation] PRIMARY KEY CLUSTERED ([ReservationID] ASC)
);"
dbo.InventoryV2_Reservation_x_Product,"CREATE TABLE [dbo].[InventoryV2_Reservation_x_Product] (

  [ProductUniqueID] uniqueidentifier NOT NULL,
  [ReservationID] int NOT NULL,
  [NotificationEmails] varbinary(8000) NULL,
  [BeNotified] bit NOT NULL CONSTRAINT [DF_Inventory_Reservation_x_Item_BeNotified] DEFAULT ((0))
,  CONSTRAINT [PK_InventoryV2_Reservation_x_Item_1] PRIMARY KEY CLUSTERED ([ProductUniqueID] ASC,[ReservationID] ASC)
);"
dbo.InventoryV2_ReservationGroup,"CREATE TABLE [dbo].[InventoryV2_ReservationGroup] (

  [ReservationGroupId] int IDENTITY(1,1) NOT NULL,
  [ReservationStartDate] datetime NOT NULL,
  [ReservationEndDate] datetime NOT NULL,
  [CreationDatetime] datetime NOT NULL CONSTRAINT [DF_InventoryV2_ReservationGroup_CreationDatetime] DEFAULT (getdate()),
  [WhoMadeReservationId] int NOT NULL CONSTRAINT [DF_InventoryV2_ReservationGroup_WhoMadeReservationId] DEFAULT ((0)),
  [WhoReservedStaffPersonId] int NOT NULL,
  [NotificationEmails] varchar(2000) NOT NULL CONSTRAINT [DF_InventoryV2_ReservationGroup_NotificationEmails] DEFAULT (''),
  [BeNotified] bit NOT NULL CONSTRAINT [DF_InventoryV2_ReservationGroup_BeNotified] DEFAULT ((0)),
  [ReservationNotes] varchar(MAX) NOT NULL CONSTRAINT [DF_InventoryV2_ReservationGroup_ReservationNotes] DEFAULT ('')
,  CONSTRAINT [PK_InventoryV2_ReservationGroup] PRIMARY KEY CLUSTERED ([ReservationGroupId] ASC)
);"
dbo.InventoryV2_ReturnedLoan,"CREATE TABLE [dbo].[InventoryV2_ReturnedLoan] (

  [LoanID] int NOT NULL,
  [ProductUniqueID] uniqueidentifier NOT NULL,
  [LoanGroupId] int NOT NULL,
  [WhoReturnedID] int NOT NULL,
  [ReturnedNotes] varchar(MAX) NOT NULL CONSTRAINT [DF_InventoryV2_ReturnedLoan_ReturnedNotes] DEFAULT (''),
  [ReturnedDate] datetime NOT NULL CONSTRAINT [DF_InventoryV2_ReturnedLoan_ReturnedDate] DEFAULT (getdate()),
  [ReturnedStatusID] int NOT NULL
,  CONSTRAINT [PK_InventoryV2_ArcadeLoan_1] PRIMARY KEY CLUSTERED ([LoanID] ASC)
);"
dbo.LicenseSystem_LicenseInfo,"CREATE TABLE [dbo].[LicenseSystem_LicenseInfo] (

  [ID] int IDENTITY(1,1) NOT NULL,
  [LicenseKey] varbinary(900) NOT NULL,
  [ProductName] varbinary(2000) NOT NULL,
  [IssuedDate] varbinary(1000) NOT NULL,
  [ExpiryDate] varbinary(1000) NULL,
  [LicenseType] varbinary(250) NOT NULL,
  [NLicenses] varbinary(250) NOT NULL,
  [LicensedTo] varbinary(2000) NOT NULL
,  CONSTRAINT [PK_LicenseSystem_LicenseInfo] PRIMARY KEY CLUSTERED ([ID] ASC)
);"
dbo.LicenseSystem_LicenseKeyInfo,"CREATE TABLE [dbo].[LicenseSystem_LicenseKeyInfo] (

  [ID] int IDENTITY(1,1) NOT NULL,
  [LicenseKey] varbinary(900) NOT NULL,
  [ProductName] varbinary(2000) NOT NULL,
  [IssuedDate] varbinary(1000) NOT NULL,
  [ExpiryDate] varbinary(1000) NOT NULL,
  [LicenseType] varbinary(250) NOT NULL,
  [NLicenses] varbinary(250) NOT NULL,
  [LicensedTo] varbinary(2000) NOT NULL,
  [SupportStartDate] varbinary(250) NULL,
  [SupportEndDate] varbinary(250) NULL
,  CONSTRAINT [PK_LicenseSystem_LicenseKeyInfo_1] PRIMARY KEY CLUSTERED ([ID] ASC)
);"
dbo.LicenseSystem_ProductInfo,"CREATE TABLE [dbo].[LicenseSystem_ProductInfo] (

  [ID] int IDENTITY(1,1) NOT NULL,
  [ProductName] varchar(250) NOT NULL,
  [ProductParameters] varchar(MAX) NOT NULL
,  CONSTRAINT [PK_LicenseSystem_ProductInfo] PRIMARY KEY CLUSTERED ([ID] ASC)
);"
dbo.LookupGroups,"CREATE TABLE [dbo].[LookupGroups] (

  [LookupGroupID] int IDENTITY(1,1) NOT NULL,
  [description] varchar(50) NOT NULL,
  [SortBy] int NOT NULL CONSTRAINT [DF__LookupGro__SortB__690797E6] DEFAULT ((0)),
  [childlist] int NULL CONSTRAINT [DF__LookupGro__child__69FBBC1F] DEFAULT (NULL),
  [isvisible] bit NOT NULL CONSTRAINT [DF__LookupGro__isvis__321755AF] DEFAULT ((1))
,  CONSTRAINT [PK_LookupGroups] PRIMARY KEY CLUSTERED ([LookupGroupID] ASC)
);"
dbo.LookupLists,"CREATE TABLE [dbo].[LookupLists] (

  [LookupListID] int IDENTITY(1,1) NOT NULL,
  [LookupGroupID] int NULL,
  [LookupText] varchar(8000) NULL,
  [OrderNum] int NULL,
  [LookupValue] varchar(255) NOT NULL CONSTRAINT [DF__LookupLis__Looku__16644E42] DEFAULT (''),
  [visible] bit NOT NULL CONSTRAINT [DF__LookupLis__visib__1758727B] DEFAULT ((1)),
  [children] varchar(6000) NULL CONSTRAINT [DF__LookupLis__child__184C96B4] DEFAULT (NULL),
  [xmlparams] text NOT NULL CONSTRAINT [DF__LookupLis__xmlpa__2DF1BF10] DEFAULT ('')
,  CONSTRAINT [PK_LookupLists] PRIMARY KEY CLUSTERED ([LookupListID] ASC)
);"
dbo.LuCourseAltContact,"CREATE TABLE [dbo].[LuCourseAltContact] (

  [lucourseid] int NOT NULL CONSTRAINT [DF__LuCourseA__lucou__4D8A65FA] DEFAULT (NULL),
  [alternatecontactid] int NOT NULL CONSTRAINT [DF__LuCourseA__alter__4E7E8A33] DEFAULT (NULL)
,  CONSTRAINT [PK__LuCourse__AEC4213F7F5C365C] PRIMARY KEY CLUSTERED ([lucourseid] ASC,[alternatecontactid] ASC)
);"
dbo.lucoursealternatecontact,"CREATE TABLE [dbo].[lucoursealternatecontact] (

  [alternatecontactid] int IDENTITY(1,1) NOT NULL,
  [altname] varchar(MAX) NOT NULL CONSTRAINT [DF__lucoursea__altna__6AC5C326] DEFAULT (''),
  [altemail] varchar(MAX) NOT NULL CONSTRAINT [DF__lucoursea__altem__6BB9E75F] DEFAULT (''),
  [altphone] varchar(MAX) NOT NULL CONSTRAINT [DF__lucoursea__altph__6CAE0B98] DEFAULT (''),
  [altusername] varchar(255) NOT NULL CONSTRAINT [DF__lucoursea__altus__6DA22FD1] DEFAULT (''),
  [altpermissionlevel] int NOT NULL CONSTRAINT [DF__lucoursea__altpe__6E96540A] DEFAULT ((0)),
  [whocreated] int NULL CONSTRAINT [DF__lucoursea__whocr__6F8A7843] DEFAULT (NULL),
  [datecreated] datetime NOT NULL CONSTRAINT [DF__lucoursea__datec__707E9C7C] DEFAULT (getdate()),
  [isactive] bit NOT NULL CONSTRAINT [DF__lucoursea__isact__7172C0B5] DEFAULT ((1)),
  [ExternalId] varchar(256) NOT NULL CONSTRAINT [DF__lucoursea__Exter__2FC4F8E9] DEFAULT ('')
,  CONSTRAINT [PK__lucourse__D2B608DFB9F975A5] PRIMARY KEY CLUSTERED ([alternatecontactid] ASC)
);"
dbo.LUCourseData,"CREATE TABLE [dbo].[LUCourseData] (

  [luCourseDataID] int IDENTITY(1,1) NOT NULL,
  [lookupListType] int NOT NULL CONSTRAINT [DF__LUCourseD__looku__114A936A] DEFAULT ((-1)),
  [lookupString] varchar(1000) NOT NULL CONSTRAINT [DF__LUCourseD__looku__123EB7A3] DEFAULT (''),
  [altLookupString] varchar(1000) NOT NULL CONSTRAINT [DF__LUCourseD__altLo__1332DBDC] DEFAULT (''),
  [email] varchar(500) NOT NULL CONSTRAINT [DF__LUCourseD__email__14270015] DEFAULT (''),
  [phone] varchar(100) NOT NULL CONSTRAINT [DF__LUCourseD__phone__151B244E] DEFAULT (''),
  [passwordhash] varchar(8000) NULL,
  [username] varchar(8000) NOT NULL CONSTRAINT [DF__LUCourseD__usern__14F1071C] DEFAULT (''),
  [id] varchar(8000) NOT NULL CONSTRAINT [DF__LUCourseData__id__15E52B55] DEFAULT (''),
  [ExternalId] varchar(256) NOT NULL CONSTRAINT [DF__LUCourseD__Exter__2CE88C3E] DEFAULT (''),
  [PermissionLevel] int NOT NULL CONSTRAINT [DF__LUCourseD__Permi__2DDCB077] DEFAULT ((0)),
  [ExemptFromDataSync] bit NOT NULL CONSTRAINT [DF__LUCourseD__Exemp__30B91D22] DEFAULT ((0))
,  CONSTRAINT [PK_LUCourseData] PRIMARY KEY CLUSTERED ([luCourseDataID] ASC)
);"
dbo.LuCourseDataSyncExtendedData,"CREATE TABLE [dbo].[LuCourseDataSyncExtendedData] (

  [LuCourseId] int NOT NULL,
  [ControlId] int NOT NULL,
  [DataValue] varbinary(MAX) NOT NULL
,  CONSTRAINT [PK__LuCourse__13854E8DE382107B] PRIMARY KEY CLUSTERED ([LuCourseId] ASC,[ControlId] ASC)
);"
dbo.LuCourseDataSyncExtendedFields,"CREATE TABLE [dbo].[LuCourseDataSyncExtendedFields] (

  [ControlId] int NOT NULL,
  [ControlCaption] varchar(8000) NOT NULL,
  [ControlCode] int NOT NULL,
  [IsActive] bit NOT NULL CONSTRAINT [DF__LuCourseD__IsAct__609E05C5] DEFAULT ((1)),
  [OrderNum] int NOT NULL CONSTRAINT [DF__LuCourseD__Order__619229FE] DEFAULT ((0))
,  CONSTRAINT [PK__LuCourse__091D9B35C633B0AD] PRIMARY KEY CLUSTERED ([ControlId] ASC)
);"
dbo.LUCourseDates,"CREATE TABLE [dbo].[LUCourseDates] (

  [luCourseDateID] int IDENTITY(1,1) NOT NULL,
  [profileID] int NOT NULL CONSTRAINT [DF_LUCourseDates_luDateType] DEFAULT ((-1)),
  [lookupString] varchar(50) NOT NULL CONSTRAINT [DF_LUCourseDates_lookupString] DEFAULT (''),
  [luStartDate] datetime NOT NULL,
  [luEndDate] datetime NOT NULL
,  CONSTRAINT [PK_LUCourseDates] PRIMARY KEY CLUSTERED ([luCourseDateID] ASC)
);"
dbo.lucourseemails,"CREATE TABLE [dbo].[lucourseemails] (

  [lucourseemailid] int IDENTITY(1,1) NOT NULL,
  [subject] varchar(1000) NOT NULL CONSTRAINT [DF__lucoursee__subje__5AC46587] DEFAULT (''),
  [course] varchar(1000) NOT NULL CONSTRAINT [DF__lucoursee__cours__5BB889C0] DEFAULT (''),
  [timeofday] varchar(1000) NOT NULL CONSTRAINT [DF__lucoursee__timeo__5CACADF9] DEFAULT (''),
  [section] varchar(1000) NOT NULL CONSTRAINT [DF__lucoursee__secti__5DA0D232] DEFAULT (''),
  [email] varchar(2000) NOT NULL CONSTRAINT [DF__lucoursee__email__5E94F66B] DEFAULT (''),
  [wholastupdated] int NULL CONSTRAINT [DF__lucoursee__whola__5F891AA4] DEFAULT (NULL),
  [datetimelastupdate] datetime NULL CONSTRAINT [DF__lucoursee__datet__607D3EDD] DEFAULT (getdate())
,  CONSTRAINT [PK__lucourse__14A352417644FCC3] PRIMARY KEY CLUSTERED ([lucourseemailid] ASC)
);"
dbo.LUCourseImportProfiles,"CREATE TABLE [dbo].[LUCourseImportProfiles] (

  [LUCourseImportProfileID] int IDENTITY(1,1) NOT NULL,
  [profileName] varchar(100) NOT NULL CONSTRAINT [DF_LUCourseImportProfiles_profileName] DEFAULT (''),
  [profileDescription] varchar(255) NOT NULL CONSTRAINT [DF_LUCourseImportProfiles_profileDescription] DEFAULT (''),
  [dateLastModified] datetime NULL,
  [tableOccurrenceNumber] int NOT NULL CONSTRAINT [DF_LUCourseImportProfiles_tableOccuranceNumber] DEFAULT ((1)),
  [typeOfImport] int NOT NULL CONSTRAINT [DF_LUCourseImportProfiles_typeOfImport] DEFAULT ((0)),
  [importGroupID] int NOT NULL CONSTRAINT [DF_LUCourseImportProfiles_importGroupID] DEFAULT ((-1))
,  CONSTRAINT [PK_LUCourseImportProfiles] PRIMARY KEY CLUSTERED ([LUCourseImportProfileID] ASC)
);"
dbo.LUCourseImportTableMappings,"CREATE TABLE [dbo].[LUCourseImportTableMappings] (

  [mappingID] int IDENTITY(1,1) NOT NULL,
  [profileID] int NOT NULL CONSTRAINT [DF_LUCourseImportTableMappings_profileID] DEFAULT ((-1)),
  [instanceName] varchar(10) NOT NULL CONSTRAINT [DF_LUCourseImportTableMappings_instanceName] DEFAULT (''),
  [colIndex] int NOT NULL CONSTRAINT [DF_LUCourseImportTableMappings_colIndex] DEFAULT ((0)),
  [command] varchar(500) NOT NULL CONSTRAINT [DF_LUCourseImportTableMappings_command] DEFAULT ('')
,  CONSTRAINT [PK_LUCourseImportTableMappings] PRIMARY KEY CLUSTERED ([mappingID] ASC)
);"
dbo.LuCourseImportWebPages,"CREATE TABLE [dbo].[LuCourseImportWebPages] (

  [LuCourseImportWebPageID] int IDENTITY(1,1) NOT NULL,
  [profileID] int NOT NULL CONSTRAINT [DF_LuCourseImportWebPages_profileID] DEFAULT ((-1)),
  [webPage] varchar(2000) NOT NULL CONSTRAINT [DF_LuCourseImportWebPages_webPage] DEFAULT ('')
,  CONSTRAINT [PK_LuCourseImportWebPages] PRIMARY KEY CLUSTERED ([LuCourseImportWebPageID] ASC)
);"
dbo.LuCourseInstructor,"CREATE TABLE [dbo].[LuCourseInstructor] (

  [lucourseid] int NOT NULL CONSTRAINT [DF__LuCourseI__lucou__49B9D516] DEFAULT (NULL),
  [instructorid] int NOT NULL CONSTRAINT [DF__LuCourseI__instr__4AADF94F] DEFAULT (NULL),
  [ExemptAssignmentFromDataSync] bit NOT NULL CONSTRAINT [DF__LuCourseI__Exemp__32A16594] DEFAULT ((0))
,  CONSTRAINT [PK__LuCourse__93EC4E547A54B53C] PRIMARY KEY CLUSTERED ([lucourseid] ASC,[instructorid] ASC)
);"
dbo.LUCourses,"CREATE TABLE [dbo].[LUCourses] (

  [LUCourseID] int IDENTITY(1,1) NOT NULL,
  [StartDate] datetime NOT NULL,
  [EndDate] datetime NOT NULL,
  [Term] varchar(255) NULL CONSTRAINT [DF__LUCourses__Term__2F650636] DEFAULT (''),
  [Duration] varchar(255) NULL CONSTRAINT [DF__LUCourses__Durat__30592A6F] DEFAULT (''),
  [SubjectID] int NOT NULL CONSTRAINT [DF__LUCourses__Subje__314D4EA8] DEFAULT ((-1)),
  [Course] varchar(255) NULL CONSTRAINT [DF__LUCourses__Cours__324172E1] DEFAULT (''),
  [TimeOfDay] varchar(255) NULL CONSTRAINT [DF__LUCourses__TimeO__3335971A] DEFAULT (''),
  [Section] varchar(255) NULL CONSTRAINT [DF__LUCourses__Secti__3429BB53] DEFAULT (''),
  [InstructorID] int NOT NULL CONSTRAINT [DF__LUCourses__Instr__351DDF8C] DEFAULT ((-1)),
  [CrossListCode] int NOT NULL CONSTRAINT [DF__LUCourses__Cross__361203C5] DEFAULT ((-1)),
  [EquivalentCode] int NOT NULL CONSTRAINT [DF__LUCourses__Equiv__370627FE] DEFAULT ((0)),
  [CourseNote] varchar(500) NOT NULL CONSTRAINT [DF__LUCourses__Cours__37FA4C37] DEFAULT (''),
  [whoAdded] int NOT NULL CONSTRAINT [DF__LUCourses__whoAd__38EE7070] DEFAULT ((0)),
  [dateAdded] datetime NOT NULL CONSTRAINT [DF__LUCourses__dateA__39E294A9] DEFAULT (getdate()),
  [location] varchar(2500) NOT NULL CONSTRAINT [DF__LUCourses__locat__2CFD9AD7] DEFAULT (''),
  [alternatecontactid] int NULL CONSTRAINT [DF__LUCourses__alter__66F53242] DEFAULT (NULL),
  [instructorpermissionlevel] int NOT NULL CONSTRAINT [DF__LUCourses__instr__67E9567B] DEFAULT ((256)),
  [campus] varchar(255) NOT NULL CONSTRAINT [DF__LUCourses__campu__7E97B1A9] DEFAULT (''),
  [courseid] varchar(255) NOT NULL CONSTRAINT [DF__LUCourses__cours__7F8BD5E2] DEFAULT (''),
  [department] varchar(255) NOT NULL CONSTRAINT [DF__LUCourses__depar__007FFA1B] DEFAULT (''),
  [other1] varchar(255) NOT NULL CONSTRAINT [DF__LUCourses__other__01741E54] DEFAULT (''),
  [other2] varchar(255) NOT NULL CONSTRAINT [DF__LUCourses__other__0268428D] DEFAULT (''),
  [ExternalId] varchar(256) NOT NULL CONSTRAINT [DF__LUCourses__Exter__2ED0D4B0] DEFAULT (''),
  [ExemptFromDataSync] bit NOT NULL CONSTRAINT [DF__LUCourses__Exemp__31AD415B] DEFAULT ((0)),
  [ExemptAssignmentFromDataSync] bit NOT NULL CONSTRAINT [DF__LUCourses__Exemp__339589CD] DEFAULT ((0)),
  [credits] decimal(5,2) NOT NULL CONSTRAINT [DF__LUCourses__credi__5DC1991A] DEFAULT ((0)),
  [BatchDataSyncLogId] int NULL CONSTRAINT [DF__LUCourses__Batch__72BCB600] DEFAULT (NULL)
,  CONSTRAINT [PK_LUCourses] PRIMARY KEY CLUSTERED ([LUCourseID] ASC)
);"
dbo.luCourseSessionDate,"CREATE TABLE [dbo].[luCourseSessionDate] (

  [LUCourseSessionDateID] int IDENTITY(1,1) NOT NULL,
  [Description] varchar(50) NOT NULL CONSTRAINT [DF_luCourseSessionDate_Description] DEFAULT (''),
  [startMonth] int NOT NULL CONSTRAINT [DF_luCourseSessionDate_startMonth] DEFAULT ((9)),
  [startDay] int NOT NULL CONSTRAINT [DF_luCourseSessionDate_startDay] DEFAULT ((1)),
  [endMonth] int NOT NULL CONSTRAINT [DF_luCourseSessionDate_endMonth] DEFAULT ((4)),
  [endDay] int NOT NULL CONSTRAINT [DF_luCourseSessionDate_endDay] DEFAULT ((31))
,  CONSTRAINT [PK_luCourseSessionDate] PRIMARY KEY CLUSTERED ([LUCourseSessionDateID] ASC)
);"
dbo.lucrosslistedexternalreference,"CREATE TABLE [dbo].[lucrosslistedexternalreference] (

  [subject] varchar(200) NULL,
  [course] varchar(200) NULL,
  [uniqueid] varchar(200) NULL
);"
dbo.LUTermDurationDates,"CREATE TABLE [dbo].[LUTermDurationDates] (

  [term] varchar(50) NOT NULL,
  [duration] varchar(50) NOT NULL,
  [startMonth] int NOT NULL,
  [startDay] int NOT NULL,
  [endMonth] int NOT NULL,
  [endDay] int NOT NULL
,  CONSTRAINT [IX_termduration] PRIMARY KEY NONCLUSTERED ([term] ASC,[duration] ASC)
);"
dbo.mailbox,"CREATE TABLE [dbo].[mailbox] (

  [mailid] int IDENTITY(1,1) NOT NULL,
  [frompid] int NULL,
  [topid] int NULL,
  [datesent] datetime NULL CONSTRAINT [DF__mailbox__datesen__2D32A501] DEFAULT (getdate()),
  [dateread] datetime NULL CONSTRAINT [DF__mailbox__daterea__2E26C93A] DEFAULT (NULL),
  [subject] varbinary(8000) NULL CONSTRAINT [DF__mailbox__subject__2F1AED73] DEFAULT (NULL)
,  CONSTRAINT [PK__mailbox__F5CE7C80D9EF365E] PRIMARY KEY CLUSTERED ([mailid] ASC)
);"
dbo.mailboxstudentinfo,"CREATE TABLE [dbo].[mailboxstudentinfo] (

  [mailboxstudentinfoid] int IDENTITY(1,1) NOT NULL,
  [mailid] int NULL,
  [formcode] char(1) NOT NULL CONSTRAINT [DF__mailboxst__formc__33DFA290] DEFAULT ('_'),
  [personid] int NULL
,  CONSTRAINT [PK__mailboxs__36850BD5317001DD] PRIMARY KEY CLUSTERED ([mailboxstudentinfoid] ASC)
);"
dbo.MainInfoAccommodationPS,"CREATE TABLE [dbo].[MainInfoAccommodationPS] (

  [dataID] int IDENTITY(1,1) NOT NULL,
  [ScreenNum] int NOT NULL CONSTRAINT [DF_MainInfoAccommodationPS_ScreenNum] DEFAULT ((-1)),
  [PersonID] int NOT NULL CONSTRAINT [DF_MainInfoAccommodationPS_PersonID] DEFAULT ((-1)),
  [ControlID] int NOT NULL CONSTRAINT [DF_MainInfoAccommodationPS_ControlID] DEFAULT ((-1)),
  [ControlValue] int NOT NULL CONSTRAINT [DF_MainInfoAccommodationPS_ControlValue] DEFAULT ((-1)),
  [CourseID] int NOT NULL CONSTRAINT [DF_MainInfoAccommodationPS_CourseID] DEFAULT ((0)),
  [Flavour] int NOT NULL CONSTRAINT [DF_MainInfoAccommodationPS_Flavour] DEFAULT ((-1)),
  [offline] bit NOT NULL CONSTRAINT [DF__MainInfoA__offli__75E27017] DEFAULT ((0)),
  [datemodified] datetime NOT NULL CONSTRAINT [DF__MainInfoA__datem__76D69450] DEFAULT (getdate()),
  [whomodified] int NULL CONSTRAINT [DF__MainInfoA__whomo__77CAB889] DEFAULT (NULL),
  [expirydate] datetime NULL CONSTRAINT [DF__MainInfoA__expir__015422C3] DEFAULT (NULL),
  [altlongdescription] varbinary(8000) NULL,
  [note] varbinary(8000) NULL,
  [showonletter] int NOT NULL CONSTRAINT [DF__MainInfoA__showo__024846FC] DEFAULT ((1)),
  [sessiondateentered] datetime NOT NULL CONSTRAINT [DF__MainInfoA__sessi__033C6B35] DEFAULT (getdate()),
  [approved] bit NOT NULL CONSTRAINT [DF__MainInfoA__appro__0CC5D56F] DEFAULT ((0)),
  [recommendedbutdeclined] bit NOT NULL CONSTRAINT [DF__MainInfoA__recom__0DB9F9A8] DEFAULT ((0)),
  [rationale] varbinary(8000) NULL,
  [recommendedbutdeclineddetail] varbinary(8000) NULL
,  CONSTRAINT [PK_MainInfoAccommodationPS] PRIMARY KEY CLUSTERED ([dataID] ASC)
);"
dbo.MainInfoAN,"CREATE TABLE [dbo].[MainInfoAN] (

  [DataID] int IDENTITY(1,1) NOT NULL,
  [ScreenNum] int NOT NULL,
  [PersonID] int NOT NULL,
  [ControlID] int NOT NULL,
  [ControlValue] int NULL
,  CONSTRAINT [PK_MainInfoAN] PRIMARY KEY CLUSTERED ([DataID] ASC)
);"
dbo.MainInfoHide,"CREATE TABLE [dbo].[MainInfoHide] (

  [DataID] int IDENTITY(1,1) NOT NULL,
  [ScreenNum] int NOT NULL,
  [personID] int NOT NULL,
  [controlID] int NOT NULL,
  [ControlValue] int NULL,
  [appointmentID] int NOT NULL
,  CONSTRAINT [PK__MainInfo__9D05305D8718DB1E] PRIMARY KEY CLUSTERED ([DataID] ASC)
);"
dbo.MainInfoHide2,"CREATE TABLE [dbo].[MainInfoHide2] (

  [DataID] int IDENTITY(1,1) NOT NULL,
  [ScreenNum] int NOT NULL,
  [personID] int NOT NULL,
  [controlID] int NOT NULL,
  [ControlValue] int NULL,
  [appointmentID] int NOT NULL
,  CONSTRAINT [PK__MainInfo__9D05305D08E128CE] PRIMARY KEY CLUSTERED ([DataID] ASC)
);"
dbo.MainInfoInstructorPM,"CREATE TABLE [dbo].[MainInfoInstructorPM] (

  [DataID] int IDENTITY(1,1) NOT NULL,
  [appointmentid] int NOT NULL,
  [personid] int NOT NULL,
  [controlid] int NOT NULL,
  [controlvalue] int NULL CONSTRAINT [DF__MainInfoI__contr__38A457AD] DEFAULT ((0))
,  CONSTRAINT [PK__MainInfo__9D05305DD9E5F954] PRIMARY KEY CLUSTERED ([DataID] ASC)
);"
dbo.maininfoIntake,"CREATE TABLE [dbo].[maininfoIntake] (

  [DataID] int IDENTITY(1,1) NOT NULL,
  [personid] int NULL,
  [controlid] int NULL,
  [controlvalue] int NULL
,  CONSTRAINT [PK__maininfo__9D05305D3D859D55] PRIMARY KEY CLUSTERED ([DataID] ASC)
);"
dbo.MainInfoOnlineForm,"CREATE TABLE [dbo].[MainInfoOnlineForm] (

  [DataID] int IDENTITY(1,1) NOT NULL,
  [ScreenNum] int NOT NULL CONSTRAINT [DF__MainInfoO__Scree__1AB598C1] DEFAULT ((-1)),
  [PersonID] int NOT NULL CONSTRAINT [DF__MainInfoO__Perso__1BA9BCFA] DEFAULT ((-1)),
  [ControlID] int NOT NULL CONSTRAINT [DF__MainInfoO__Contr__1C9DE133] DEFAULT ((-1)),
  [ControlValue] int NOT NULL CONSTRAINT [DF__MainInfoO__Contr__1D92056C] DEFAULT ((-1)),
  [people_onlineFormId] int NULL CONSTRAINT [DF__MainInfoO__peopl__1E8629A5] DEFAULT (NULL)
,  CONSTRAINT [PK__MainInfo__9D05305D2FC9ACD1] PRIMARY KEY CLUSTERED ([DataID] ASC)
);"
dbo.MainInfoPA,"CREATE TABLE [dbo].[MainInfoPA] (

  [DataID] int IDENTITY(1,1) NOT NULL,
  [ScreenNum] int NOT NULL,
  [personID] int NOT NULL,
  [controlID] int NOT NULL,
  [ControlValue] int NULL,
  [appointmentID] int NOT NULL
,  CONSTRAINT [PK_MainInfoPA] PRIMARY KEY CLUSTERED ([DataID] ASC)
);"
dbo.MainInfoPAF,"CREATE TABLE [dbo].[MainInfoPAF] (

  [DataID] int IDENTITY(1,1) NOT NULL,
  [personid] int NOT NULL,
  [controlid] int NOT NULL,
  [controlvalue] int NULL CONSTRAINT [DF__MainInfoP__contr__14DBF883] DEFAULT ((0)),
  [screennum] int NOT NULL CONSTRAINT [DF__MainInfoP__scree__15D01CBC] DEFAULT ((0))
,  CONSTRAINT [PK__MainInfo__9D05305DDEAAFF9B] PRIMARY KEY CLUSTERED ([DataID] ASC)
);"
dbo.MainInfoPAFArchive,"CREATE TABLE [dbo].[MainInfoPAFArchive] (

  [ArchiveDataID] int IDENTITY(1,1) NOT NULL,
  [dateentered] datetime NOT NULL CONSTRAINT [DF__MainInfoP__datee__2512604C] DEFAULT (getdate()),
  [whoentered] int NULL CONSTRAINT [DF__MainInfoP__whoen__26068485] DEFAULT (NULL),
  [wasdeleted] bit NOT NULL CONSTRAINT [DF__MainInfoP__wasde__26FAA8BE] DEFAULT ((0)),
  [personid] int NOT NULL,
  [controlid] int NOT NULL,
  [oldcontrolvalue] int NULL CONSTRAINT [DF__MainInfoP__oldco__27EECCF7] DEFAULT ((0))
,  CONSTRAINT [PK__MainInfo__C7869C5D6D797717] PRIMARY KEY CLUSTERED ([ArchiveDataID] ASC)
);"
dbo.MainInfoPC,"CREATE TABLE [dbo].[MainInfoPC] (

  [DataID] int IDENTITY(1,1) NOT NULL,
  [personid] int NOT NULL,
  [controlid] int NOT NULL,
  [controlvalue] int NULL CONSTRAINT [DF__MainInfoP__contr__10CB707D] DEFAULT ((0)),
  [screennum] int NOT NULL CONSTRAINT [DF__MainInfoP__scree__11BF94B6] DEFAULT ((0))
,  CONSTRAINT [PK__MainInfo__9D05305D61DC3D6B] PRIMARY KEY CLUSTERED ([DataID] ASC)
);"
dbo.MainInfoPCArchive,"CREATE TABLE [dbo].[MainInfoPCArchive] (

  [ArchiveDataID] int IDENTITY(1,1) NOT NULL,
  [dateentered] datetime NOT NULL CONSTRAINT [DF__MainInfoP__datee__1CDD0CFE] DEFAULT (getdate()),
  [whoentered] int NULL CONSTRAINT [DF__MainInfoP__whoen__1DD13137] DEFAULT (NULL),
  [wasdeleted] bit NOT NULL CONSTRAINT [DF__MainInfoP__wasde__1EC55570] DEFAULT ((0)),
  [personid] int NOT NULL,
  [controlid] int NOT NULL,
  [oldcontrolvalue] int NULL CONSTRAINT [DF__MainInfoP__oldco__1FB979A9] DEFAULT ((0))
,  CONSTRAINT [PK__MainInfo__C7869C5DECD9BA70] PRIMARY KEY CLUSTERED ([ArchiveDataID] ASC)
);"
dbo.MainInfoPI,"CREATE TABLE [dbo].[MainInfoPI] (

  [DataID] int IDENTITY(1,1) NOT NULL,
  [personid] int NOT NULL,
  [controlid] int NOT NULL,
  [controlvalue] int NULL CONSTRAINT [DF__MainInfoP__contr__44A01A3E] DEFAULT ((0)),
  [screennum] int NOT NULL CONSTRAINT [DF__MainInfoP__scree__45943E77] DEFAULT ((0))
,  CONSTRAINT [PK__MainInfo__9D05305D00599E98] PRIMARY KEY CLUSTERED ([DataID] ASC)
);"
dbo.MainInfoPIArchive,"CREATE TABLE [dbo].[MainInfoPIArchive] (

  [ArchiveDataID] int IDENTITY(1,1) NOT NULL,
  [dateentered] datetime NOT NULL CONSTRAINT [DF__MainInfoP__datee__7DF8932B] DEFAULT (getdate()),
  [whoentered] int NULL CONSTRAINT [DF__MainInfoP__whoen__7EECB764] DEFAULT (NULL),
  [wasdeleted] bit NOT NULL CONSTRAINT [DF__MainInfoP__wasde__7FE0DB9D] DEFAULT ((0)),
  [personid] int NOT NULL,
  [controlid] int NOT NULL,
  [oldcontrolvalue] int NULL CONSTRAINT [DF__MainInfoP__oldco__00D4FFD6] DEFAULT ((0))
,  CONSTRAINT [PK__MainInfo__C7869C5D895ABAB2] PRIMARY KEY CLUSTERED ([ArchiveDataID] ASC)
);"
dbo.maininfopie,"CREATE TABLE [dbo].[maininfopie] (

  [DataID] int IDENTITY(1,1) NOT NULL,
  [ScreenNum] int NOT NULL,
  [personID] int NOT NULL,
  [controlID] int NOT NULL,
  [ControlValue] int NULL,
  [appointmentID] int NOT NULL
,  CONSTRAINT [PK__maininfo__9D05305D65A3719E] PRIMARY KEY CLUSTERED ([DataID] ASC)
);"
dbo.MainInfoPJA,"CREATE TABLE [dbo].[MainInfoPJA] (

  [DataID] int IDENTITY(1,1) NOT NULL,
  [ScreenNum] int NOT NULL,
  [personID] int NOT NULL,
  [controlID] int NOT NULL,
  [ControlValue] int NULL,
  [appointmentID] int NOT NULL
,  CONSTRAINT [PK__MainInfo__9D05305DEDC970AC] PRIMARY KEY CLUSTERED ([DataID] ASC)
);"
dbo.MainInfoPM,"CREATE TABLE [dbo].[MainInfoPM] (

  [DataID] int IDENTITY(1,1) NOT NULL,
  [appointmentid] int NOT NULL,
  [personid] int NOT NULL,
  [controlid] int NOT NULL,
  [controlvalue] int NULL CONSTRAINT [DF__MainInfoP__contr__33208881] DEFAULT ((0))
,  CONSTRAINT [PK__MainInfo__9D05305DB26AAFDB] PRIMARY KEY CLUSTERED ([DataID] ASC)
);"
dbo.MainInfoPS,"CREATE TABLE [dbo].[MainInfoPS] (

  [DataID] int IDENTITY(1,1) NOT NULL,
  [ScreenNum] int NOT NULL,
  [PersonID] int NOT NULL,
  [ControlID] int NOT NULL,
  [ControlValue] int NULL CONSTRAINT [DF_MainInfoPS_ControlValue] DEFAULT ((0))
,  CONSTRAINT [PK_MainInfoPS] PRIMARY KEY CLUSTERED ([DataID] ASC)
);"
dbo.MainInfoPSArchive,"CREATE TABLE [dbo].[MainInfoPSArchive] (

  [ArchiveDataID] int IDENTITY(1,1) NOT NULL,
  [dateentered] datetime NOT NULL CONSTRAINT [DF__MainInfoP__datee__409A7F30] DEFAULT (getdate()),
  [whoentered] int NULL CONSTRAINT [DF__MainInfoP__whoen__418EA369] DEFAULT (NULL),
  [wasdeleted] bit NOT NULL CONSTRAINT [DF__MainInfoP__wasde__4282C7A2] DEFAULT ((0)),
  [personid] int NOT NULL,
  [controlid] int NOT NULL,
  [oldcontrolvalue] int NULL CONSTRAINT [DF__MainInfoP__oldco__4376EBDB] DEFAULT ((0))
,  CONSTRAINT [PK__MainInfo__C7869C5DF9AD67D6] PRIMARY KEY CLUSTERED ([ArchiveDataID] ASC)
);"
dbo.MainInfoPsArchive2,"CREATE TABLE [dbo].[MainInfoPsArchive2] (

  [PersonID] int NOT NULL,
  [ControlID] int NOT NULL,
  [ControlValue] int NULL,
  [TimeStamp] datetime NOT NULL CONSTRAINT [DF__MainInfoP__TimeS__4BC21919] DEFAULT (getdate())
);"
dbo.MainInfoSurvey,"CREATE TABLE [dbo].[MainInfoSurvey] (

  [DataID] int IDENTITY(1,1) NOT NULL,
  [ScreenNum] int NOT NULL CONSTRAINT [DF__MainInfoS__Scree__19817D66] DEFAULT ((-1)),
  [PersonID] int NOT NULL CONSTRAINT [DF__MainInfoS__Perso__1A75A19F] DEFAULT ((-1)),
  [ControlID] int NOT NULL CONSTRAINT [DF__MainInfoS__Contr__1B69C5D8] DEFAULT ((-1)),
  [ControlValue] int NOT NULL CONSTRAINT [DF__MainInfoS__Contr__1C5DEA11] DEFAULT ((-1)),
  [people_surveyId] int NULL CONSTRAINT [DF__MainInfoS__peopl__68FE419C] DEFAULT (NULL)
,  CONSTRAINT [PK__MainInfo__9D05305DD19F218C] PRIMARY KEY CLUSTERED ([DataID] ASC)
);"
dbo.MainInfoWL,"CREATE TABLE [dbo].[MainInfoWL] (

  [DataID] int IDENTITY(1,1) NOT NULL,
  [screennum] int NOT NULL CONSTRAINT [DF__MainInfoW__scree__7E0DA1C4] DEFAULT ((0)),
  [personid] int NOT NULL,
  [controlid] int NOT NULL,
  [controlvalue] int NULL CONSTRAINT [DF__MainInfoW__contr__7F01C5FD] DEFAULT ((0)),
  [appointmentid] int NOT NULL CONSTRAINT [DF__MainInfoW__appoi__7FF5EA36] DEFAULT ((0))
,  CONSTRAINT [PK__MainInfo__9D05305D5831CDCB] PRIMARY KEY CLUSTERED ([DataID] ASC)
);"
dbo.Messaging_AttachmentDropBox,"CREATE TABLE [dbo].[Messaging_AttachmentDropBox] (

  [ID] int IDENTITY(1,1) NOT NULL,
  [ToID] varchar(250) NOT NULL,
  [FromID] varchar(250) NOT NULL,
  [BinaryData] varbinary(MAX) NOT NULL,
  [IssuedOn] datetime NULL CONSTRAINT [DF_Messaging_AttachmentDropBox_IssuedOn] DEFAULT (getdate()),
  [Filename] varchar(500) NOT NULL,
  [Extension] varchar(10) NOT NULL,
  [Description] varchar(5000) NULL CONSTRAINT [DF_Messaging_AttachmentDropBox_Description] DEFAULT (''),
  [ReqReceivingConfirmation] bit NULL CONSTRAINT [DF_Messaging_AttachmentDropBox_ReqReceivingConfirmation] DEFAULT ((0)),
  [WasRead] bit NULL CONSTRAINT [DF_Messaging_AttachmentDropBox_WasRead] DEFAULT ((0)),
  [SizeInBytes] int NOT NULL
,  CONSTRAINT [PK_Messaging_AttachmentDropBox] PRIMARY KEY CLUSTERED ([ID] ASC)
);"
dbo.Messaging_IMDropBox,"CREATE TABLE [dbo].[Messaging_IMDropBox] (

  [ID] int IDENTITY(1,1) NOT NULL,
  [ToID] varchar(250) NOT NULL,
  [FromID] varchar(250) NOT NULL,
  [Message] varchar(MAX) NOT NULL,
  [IssuedOn] datetime NULL CONSTRAINT [DF_Messaging_IMDropBox_IssuedOn] DEFAULT (getdate()),
  [RequiredResponse] bit NULL CONSTRAINT [DF_Messaging_IMDropBox_RequiredResponse] DEFAULT ((0)),
  [ReqReceivingConfirmation] bit NULL CONSTRAINT [DF_Messaging_IMDropBox_ReqReceivingConfirmation] DEFAULT ((0)),
  [WasRead] bit NULL CONSTRAINT [DF_Messaging_IMDropBox_WasRead] DEFAULT ((0))
,  CONSTRAINT [PK_Messaging_IMDropBox] PRIMARY KEY CLUSTERED ([ID] ASC)
);"
dbo.misc,"CREATE TABLE [dbo].[misc] (

  [misccode] int NOT NULL CONSTRAINT [DF_misc_misccode] DEFAULT ((0)),
  [miscstring] varchar(MAX) NOT NULL CONSTRAINT [df_misc_miscstring] DEFAULT ('')
);"
dbo.miscsafe,"CREATE TABLE [dbo].[miscsafe] (

  [safekey] varchar(250) NOT NULL,
  [safevalue] varchar(MAX) NOT NULL
,  CONSTRAINT [PK_miscsafe] PRIMARY KEY CLUSTERED ([safekey] ASC)
);"
dbo.miscsafedate,"CREATE TABLE [dbo].[miscsafedate] (

  [safekey] varchar(250) NOT NULL,
  [safevalue] datetime NOT NULL
,  CONSTRAINT [PK_miscsafedate] PRIMARY KEY CLUSTERED ([safekey] ASC)
);"
dbo.NotetakeeInfo,"CREATE TABLE [dbo].[NotetakeeInfo] (

  [PersonID] int NOT NULL,
  [notetakeeStatusID] int NOT NULL CONSTRAINT [DF_NotetakeesInfo_status] DEFAULT ((-1)),
  [notetakeeNote] text NOT NULL CONSTRAINT [DF_NotetakeesInfo_notetakeeNote] DEFAULT ('')
,  CONSTRAINT [PK_NotetakeesInfo] PRIMARY KEY CLUSTERED ([PersonID] ASC)
);"
dbo.NotetakeeStatus,"CREATE TABLE [dbo].[NotetakeeStatus] (

  [notetakeeStatusID] int IDENTITY(1,1) NOT NULL,
  [statusDescription] varchar(255) NOT NULL CONSTRAINT [DF_NotetakeeStatus_statusDescription] DEFAULT ('')
,  CONSTRAINT [PK_NotetakeeStatus] PRIMARY KEY CLUSTERED ([notetakeeStatusID] ASC)
);"
dbo.NotetakerCourses,"CREATE TABLE [dbo].[NotetakerCourses] (

  [NotetakerCourseID] int IDENTITY(1,1) NOT NULL,
  [notetakerID] int NOT NULL CONSTRAINT [DF__Notetaker__notet__3EDC53F0] DEFAULT ((-1)),
  [lucourseID] int NOT NULL CONSTRAINT [DF__Notetaker__lucou__3FD07829] DEFAULT ((-1)),
  [status] int NOT NULL CONSTRAINT [DF__Notetaker__statu__40C49C62] DEFAULT ((-1)),
  [fee] int NOT NULL CONSTRAINT [DF__NotetakerCo__fee__41B8C09B] DEFAULT ((0)),
  [datePaid] datetime NULL,
  [hiredDate] datetime NULL,
  [cancelledDate] datetime NULL,
  [statusNote] varchar(255) NOT NULL CONSTRAINT [DF__Notetaker__statu__42ACE4D4] DEFAULT (''),
  [whoAdded] int NOT NULL CONSTRAINT [DF__Notetaker__whoAd__43A1090D] DEFAULT ((0)),
  [dateAdded] datetime NOT NULL CONSTRAINT [DF__Notetaker__dateA__44952D46] DEFAULT (getdate())
,  CONSTRAINT [PK_NotetakerCourses] PRIMARY KEY CLUSTERED ([NotetakerCourseID] ASC)
);"
dbo.NotetakerDocument,"CREATE TABLE [dbo].[NotetakerDocument] (

  [NotetakerDocumentID] int IDENTITY(1,1) NOT NULL,
  [docName] nvarchar(100) NULL,
  [numPages] int NULL,
  [sizeInBytes] int NULL,
  [dateCreated] datetime NULL,
  [binaryData] varbinary(MAX) NULL,
  [NotetakerID] int NOT NULL,
  [LUCourseId] int NOT NULL,
  [notes] nvarchar(MAX) NULL,
  [lectureDate] datetime NOT NULL,
  [issamplenotes] bit NULL CONSTRAINT [DF__Notetaker__issam__6359AB88] DEFAULT ((0)),
  [DeletionDate] datetime NULL
,  CONSTRAINT [PK__Notetake__99D68C4A2717E150] PRIMARY KEY CLUSTERED ([NotetakerDocumentID] ASC)
);"
dbo.NotetakerDocumentStudentDownloads,"CREATE TABLE [dbo].[NotetakerDocumentStudentDownloads] (

  [personid] int NOT NULL,
  [lucourseid] int NOT NULL,
  [notetakerdocumentid] int NULL,
  [DateDownloaded] datetime NOT NULL CONSTRAINT [DF__Notetaker__DateD__66E023A9] DEFAULT (getdate())
);"
dbo.Notetakers,"CREATE TABLE [dbo].[Notetakers] (

  [NotetakerID] int IDENTITY(1,1) NOT NULL,
  [firstName] varchar(50) NOT NULL CONSTRAINT [DF__Notetaker__first__1D4655FB] DEFAULT (''),
  [lastName] varchar(50) NOT NULL CONSTRAINT [DF__Notetaker__lastN__1E3A7A34] DEFAULT (''),
  [student_no] varchar(50) NOT NULL,
  [status] int NOT NULL CONSTRAINT [DF__Notetaker__statu__1F2E9E6D] DEFAULT ((1)),
  [phone1] varchar(25) NOT NULL CONSTRAINT [DF__Notetaker__phone__2022C2A6] DEFAULT (''),
  [phone2] varchar(25) NOT NULL CONSTRAINT [DF__Notetaker__phone__2116E6DF] DEFAULT (''),
  [email] varchar(100) NOT NULL CONSTRAINT [DF__Notetaker__email__220B0B18] DEFAULT (''),
  [address] varchar(150) NOT NULL CONSTRAINT [DF__Notetaker__addre__22FF2F51] DEFAULT (''),
  [city] varchar(50) NOT NULL CONSTRAINT [DF__Notetakers__city__23F3538A] DEFAULT (''),
  [province] varchar(50) NOT NULL CONSTRAINT [DF__Notetaker__provi__24E777C3] DEFAULT (''),
  [postalCode] varchar(25) NOT NULL CONSTRAINT [DF__Notetaker__posta__25DB9BFC] DEFAULT (''),
  [SIN] varbinary(100) NULL,
  [notetakerNote] varchar(255) NOT NULL CONSTRAINT [DF__Notetaker__notet__26CFC035] DEFAULT (''),
  [dateOfBirth] datetime NULL,
  [custom1] varchar(50) NULL,
  [custom2] varchar(50) NULL,
  [custom3] varchar(50) NULL,
  [whoAdded] int NOT NULL CONSTRAINT [DF__Notetaker__whoAd__27C3E46E] DEFAULT ((0)),
  [dateAdded] datetime NOT NULL CONSTRAINT [DF__Notetaker__dateA__28B808A7] DEFAULT (getdate())
,  CONSTRAINT [PK_Notetakers] PRIMARY KEY CLUSTERED ([NotetakerID] ASC)
);"
dbo.notetakers_extended,"CREATE TABLE [dbo].[notetakers_extended] (

  [notetakerid] int NOT NULL,
  [faculty] varchar(512) NULL,
  [program] varchar(512) NULL,
  [studentYears] int NULL,
  [gpa] varchar(50) NULL,
  [graduatingNow] bit NULL,
  [checkEmailRegularly] bit NULL,
  [submitNotesEmail] bit NULL,
  [bringLaptop] bit NOT NULL CONSTRAINT [DF__notetaker__bring__01142BA1] DEFAULT ((0))
,  CONSTRAINT [PK__notetake__B5BA21DD5DA63E49] PRIMARY KEY CLUSTERED ([notetakerid] ASC)
);"
dbo.NotetakerStatus,"CREATE TABLE [dbo].[NotetakerStatus] (

  [NotetakerStatusID] int IDENTITY(1,1) NOT NULL,
  [description] varchar(255) NOT NULL CONSTRAINT [DF__DbaMgr_Tm__descr__379037E3] DEFAULT (''),
  [groupID] int NOT NULL CONSTRAINT [DF__DbaMgr_Tm__group__38845C1C] DEFAULT ((1))
,  CONSTRAINT [PK_NotetakerStatus] PRIMARY KEY CLUSTERED ([NotetakerStatusID] ASC)
);"
dbo.notetaking2_matchingstatus,"CREATE TABLE [dbo].[notetaking2_matchingstatus] (

  [matchingstatusid] int IDENTITY(1,1) NOT NULL,
  [title] varchar(255) NOT NULL,
  [description] text NULL,
  [active] bit NOT NULL CONSTRAINT [DF_notetaking2_matchingstatus_active] DEFAULT ((1))
,  CONSTRAINT [PK_notetaking2_matchingstatus] PRIMARY KEY CLUSTERED ([matchingstatusid] ASC)
);"
dbo.notetaking2_notetakerapplications,"CREATE TABLE [dbo].[notetaking2_notetakerapplications] (

  [notetakerappid] int IDENTITY(1,1) NOT NULL,
  [notetakerid] int NOT NULL,
  [lucourseid] int NOT NULL,
  [datesubmitted] datetime NOT NULL CONSTRAINT [DF_notetaking2_notetakerapplications_datesubmitted] DEFAULT (getdate()),
  [notes] text NULL
,  CONSTRAINT [PK_notetaking2_notetakerapplications] PRIMARY KEY CLUSTERED ([notetakerappid] ASC)
);"
dbo.notetaking2_notetakernotetakeematching,"CREATE TABLE [dbo].[notetaking2_notetakernotetakeematching] (

  [personid] int NOT NULL,
  [notetakerid] int NOT NULL,
  [lucourseid] int NOT NULL,
  [fundingsourceid] int NULL CONSTRAINT [DF__notetakin__fundi__5026DB83] DEFAULT (NULL),
  [matchingstatusid] int NULL CONSTRAINT [DF__notetakin__match__511AFFBC] DEFAULT (NULL),
  [whoassigned] int NOT NULL,
  [dateassigned] datetime NOT NULL CONSTRAINT [DF_notetaking2_notetakernotetakeematching_dateassigned] DEFAULT (getdate()),
  [specialnote] text NOT NULL CONSTRAINT [DF__notetakin__speci__5303482E] DEFAULT (''),
  [custom1] text NOT NULL CONSTRAINT [DF__notetakin__custo__53F76C67] DEFAULT (''),
  [custom2] text NOT NULL CONSTRAINT [DF__notetakin__custo__54EB90A0] DEFAULT (''),
  [custom3] text NOT NULL CONSTRAINT [DF__notetakin__custo__55DFB4D9] DEFAULT ('')
,  CONSTRAINT [PK_notetaking2_notetakernotetakeematching] PRIMARY KEY CLUSTERED ([personid] ASC,[notetakerid] ASC,[lucourseid] ASC)
);"
dbo.notetaking2_notetakersdatetimeinfops,"CREATE TABLE [dbo].[notetaking2_notetakersdatetimeinfops] (

  [DataID] int IDENTITY(1,1) NOT NULL,
  [ScreenNum] int NOT NULL CONSTRAINT [DF_notetaking2_notetakersdatetimeinfops_ScreenNum] DEFAULT ((0)),
  [PersonID] int NOT NULL,
  [ControlID] int NOT NULL,
  [ControlValue] datetime NOT NULL CONSTRAINT [DF_notetaking2_notetakersdatetimeinfops_ControlValue] DEFAULT (getdate())
,  CONSTRAINT [PK_notetaking2_notetakersdatetimeinfops] PRIMARY KEY CLUSTERED ([DataID] ASC)
);"
dbo.notetaking2_notetakersmaininfops,"CREATE TABLE [dbo].[notetaking2_notetakersmaininfops] (

  [DataID] int IDENTITY(1,1) NOT NULL,
  [ScreenNum] int NOT NULL CONSTRAINT [DF_notetaking2_notetakersmaininfops_ScreenNum] DEFAULT ((0)),
  [PersonID] int NOT NULL,
  [ControlID] int NOT NULL,
  [ControlValue] int NOT NULL CONSTRAINT [DF_notetaking2_notetakersmaininfops_ControlValue] DEFAULT ((0))
,  CONSTRAINT [PK_notetaking2_notetakersmaininfops] PRIMARY KEY CLUSTERED ([DataID] ASC)
);"
dbo.notetaking2_notetakersotherinfops,"CREATE TABLE [dbo].[notetaking2_notetakersotherinfops] (

  [DataID] int IDENTITY(1,1) NOT NULL,
  [ScreenNum] int NOT NULL CONSTRAINT [DF_notetaking2_notetakersotherinfops_ScreenNum] DEFAULT ((0)),
  [PersonID] int NOT NULL,
  [ControlID] int NOT NULL,
  [ControlValue] varbinary(8000) NOT NULL
,  CONSTRAINT [PK_notetaking2_notetakersotherinfops] PRIMARY KEY CLUSTERED ([DataID] ASC)
);"
dbo.notetaking2_notetakerspeople,"CREATE TABLE [dbo].[notetaking2_notetakerspeople] (

  [notetakerid] int IDENTITY(1,1) NOT NULL,
  [notetakingtypeid] int NULL,
  [firstname] varbinary(1000) NOT NULL,
  [middlename] varbinary(1000) NOT NULL,
  [lastname] varbinary(1000) NOT NULL,
  [student_no] varbinary(1000) NOT NULL,
  [email] varbinary(1000) NOT NULL,
  [phone1] varbinary(1000) NOT NULL,
  [phone2] varbinary(1000) NOT NULL,
  [address] varbinary(5000) NOT NULL,
  [electronicnotes] bit NOT NULL CONSTRAINT [DF__notetakin__elect__5B988E2F] DEFAULT ((0)),
  [dateadded] datetime NOT NULL CONSTRAINT [DF_notetaking2_notetakerspeople_dateadded] DEFAULT (getdate()),
  [whoadded] int NULL
,  CONSTRAINT [PK_notetaking2_notetakerspeople] PRIMARY KEY CLUSTERED ([notetakerid] ASC)
);"
dbo.notetaking2_notetakinghistory,"CREATE TABLE [dbo].[notetaking2_notetakinghistory] (

  [historyid] int IDENTITY(1,1) NOT NULL,
  [personid] int NULL,
  [notetakerid] int NULL,
  [lucourseid] int NULL,
  [instructorid] int NULL,
  [notetakinghistorystatusid] int NULL,
  [dateentered] datetime NOT NULL CONSTRAINT [DF_notetaking2_notetakinghistory_dateentered] DEFAULT (getdate()),
  [whoentered] int NULL,
  [duedate] datetime NULL,
  [notes] image NULL
,  CONSTRAINT [PK_notetaking2_notetakinghistory] PRIMARY KEY CLUSTERED ([historyid] ASC)
);"
dbo.notetaking2_notetakinghistorydata,"CREATE TABLE [dbo].[notetaking2_notetakinghistorydata] (

  [historydataid] int IDENTITY(1,1) NOT NULL,
  [historyid] int NOT NULL,
  [historydata] image NOT NULL
,  CONSTRAINT [PK_notetaking2_notetakinghistorydata] PRIMARY KEY CLUSTERED ([historydataid] ASC)
);"
dbo.notetaking2_notetakinghistorystatus,"CREATE TABLE [dbo].[notetaking2_notetakinghistorystatus] (

  [notetakinghistorystatusid] int IDENTITY(1,1) NOT NULL,
  [title] varchar(255) NOT NULL,
  [description] text NULL,
  [active] bit NOT NULL CONSTRAINT [DF_notetaking2_notetakinghistorystatus_active] DEFAULT ((1))
,  CONSTRAINT [PK_notetaking2_notetakinghistorystatus] PRIMARY KEY CLUSTERED ([notetakinghistorystatusid] ASC)
);"
dbo.notetaking2_notetakingtypes,"CREATE TABLE [dbo].[notetaking2_notetakingtypes] (

  [notetakingtypeid] int IDENTITY(1,1) NOT NULL,
  [title] varchar(255) NOT NULL,
  [description] text NOT NULL,
  [active] bit NOT NULL CONSTRAINT [DF_notetaking2_notetakingtypes_active] DEFAULT ((1))
,  CONSTRAINT [PK_notetaking2_notetakingtypes] PRIMARY KEY CLUSTERED ([notetakingtypeid] ASC)
);"
dbo.OnlineAppBookingAppTypeCounsellorMatching,"CREATE TABLE [dbo].[OnlineAppBookingAppTypeCounsellorMatching] (

  [personid] int NOT NULL,
  [apptypeid] int NOT NULL
,  CONSTRAINT [PK__OnlineAp__A88CD5AB9D2F51F0] PRIMARY KEY CLUSTERED ([personid] ASC,[apptypeid] ASC)
);"
dbo.OnlineForm,"CREATE TABLE [dbo].[OnlineForm] (

  [OnlineFormId] int IDENTITY(1,1) NOT NULL,
  [Title] varchar(8000) NOT NULL CONSTRAINT [DF__OnlineFor__Title__7C3111A1] DEFAULT (''),
  [Description] varchar(MAX) NOT NULL CONSTRAINT [DF__OnlineFor__Descr__7D2535DA] DEFAULT (''),
  [FormNum] int NOT NULL CONSTRAINT [DF__OnlineFor__FormN__7E195A13] DEFAULT ((0)),
  [UseWizard] bit NOT NULL CONSTRAINT [DF__OnlineFor__UseWi__7F0D7E4C] DEFAULT ((0)),
  [SubmitMessage] varchar(MAX) NOT NULL CONSTRAINT [DF__OnlineFor__Submi__0001A285] DEFAULT (''),
  [SubmitButtonText] varchar(256) NOT NULL CONSTRAINT [DF__OnlineFor__Submi__00F5C6BE] DEFAULT (''),
  [ShortCode] varchar(256) NOT NULL CONSTRAINT [DF__OnlineFor__Short__01E9EAF7] DEFAULT (''),
  [startdate] datetime NULL CONSTRAINT [DF__OnlineFor__start__02DE0F30] DEFAULT (NULL),
  [enddate] datetime NULL CONSTRAINT [DF__OnlineFor__endda__03D23369] DEFAULT (NULL),
  [requireslogin] bit NOT NULL CONSTRAINT [DF__OnlineFor__requi__04C657A2] DEFAULT ((0)),
  [captcha] int NOT NULL CONSTRAINT [DF__OnlineFor__captc__05BA7BDB] DEFAULT ((0)),
  [emailconfirmationtemplate] varchar(MAX) NOT NULL CONSTRAINT [DF__OnlineFor__email__06AEA014] DEFAULT (''),
  [RestrictToGroupId] int NULL CONSTRAINT [DF__OnlineFor__Restr__07A2C44D] DEFAULT (NULL),
  [isdeleted] bit NOT NULL CONSTRAINT [DF__OnlineFor__isdel__0896E886] DEFAULT ((1)),
  [isdisabled] bit NOT NULL CONSTRAINT [DF__OnlineFor__isdis__098B0CBF] DEFAULT ((1)),
  [whocreated] int NULL CONSTRAINT [DF__OnlineFor__whocr__0A7F30F8] DEFAULT (NULL),
  [wholastmodified] int NULL CONSTRAINT [DF__OnlineFor__whola__0B735531] DEFAULT (NULL),
  [datecreated] datetime NULL CONSTRAINT [DF__OnlineFor__datec__0C67796A] DEFAULT (getdate()),
  [datelastmodified] datetime NULL CONSTRAINT [DF__OnlineFor__datel__0D5B9DA3] DEFAULT (NULL),
  [studentemailconfirmationtemplateid] int NULL CONSTRAINT [DF__OnlineFor__stude__0E4FC1DC] DEFAULT (NULL),
  [staffemailconfirmationtemplateid] int NULL CONSTRAINT [DF__OnlineFor__staff__0F43E615] DEFAULT (NULL),
  [canonlybefilledinonce] bit NOT NULL CONSTRAINT [DF__OnlineFor__canon__10380A4E] DEFAULT ((0))
,  CONSTRAINT [PK__OnlineFo__67BE93FD84BD73D8] PRIMARY KEY CLUSTERED ([OnlineFormId] ASC)
);"
dbo.OnlineModules,"CREATE TABLE [dbo].[OnlineModules] (

  [onlinemoduleid] int IDENTITY(1,1) NOT NULL,
  [title] varchar(255) NOT NULL,
  [description] text NOT NULL CONSTRAINT [DF__OnlineMod__descr__3F115E1A] DEFAULT ('')
,  CONSTRAINT [PK__OnlineMo__0C46E0FC46447B57] PRIMARY KEY CLUSTERED ([onlinemoduleid] ASC)
);"
dbo.OtherInfoAccommodationPS,"CREATE TABLE [dbo].[OtherInfoAccommodationPS] (

  [DataID] int IDENTITY(1,1) NOT NULL,
  [ScreenNum] int NOT NULL CONSTRAINT [DF_OtherInfoAccommodationPS_ScreenNum] DEFAULT ((-1)),
  [personID] int NOT NULL CONSTRAINT [DF_OtherInfoAccommodationPS_personID] DEFAULT ((-1)),
  [controlID] int NOT NULL CONSTRAINT [DF_OtherInfoAccommodationPS_controlID] DEFAULT ((-1)),
  [ControlValue] varbinary(8000) NOT NULL,
  [CourseID] int NOT NULL CONSTRAINT [DF_OtherInfoAccommodationPS_CourseID] DEFAULT ((0)),
  [Flavour] int NOT NULL CONSTRAINT [DF_OtherInfoAccommodationPS_Flavour] DEFAULT ((-1)),
  [offline] bit NOT NULL CONSTRAINT [DF__OtherInfo__offli__78BEDCC2] DEFAULT ((0)),
  [datemodified] datetime NOT NULL CONSTRAINT [DF__OtherInfo__datem__79B300FB] DEFAULT (getdate()),
  [whomodified] int NULL CONSTRAINT [DF__OtherInfo__whomo__7AA72534] DEFAULT (NULL),
  [expirydate] datetime NULL CONSTRAINT [DF__OtherInfo__expir__04308F6E] DEFAULT (NULL),
  [altlongdescription] varbinary(8000) NULL,
  [note] varbinary(8000) NULL,
  [showonletter] int NOT NULL CONSTRAINT [DF__OtherInfo__showo__0524B3A7] DEFAULT ((1)),
  [sessiondateentered] datetime NOT NULL CONSTRAINT [DF__OtherInfo__sessi__0618D7E0] DEFAULT (getdate()),
  [approved] bit NOT NULL CONSTRAINT [DF__OtherInfo__appro__0EAE1DE1] DEFAULT ((0)),
  [recommendedbutdeclined] bit NOT NULL CONSTRAINT [DF__OtherInfo__recom__0FA2421A] DEFAULT ((0)),
  [rationale] varbinary(8000) NULL,
  [recommendedbutdeclineddetail] varbinary(8000) NULL
,  CONSTRAINT [PK_OtherInfoAccommodationPS] PRIMARY KEY CLUSTERED ([DataID] ASC)
);"
dbo.OtherInfoAN,"CREATE TABLE [dbo].[OtherInfoAN] (

  [DataID] int IDENTITY(1,1) NOT NULL,
  [ScreenNum] int NOT NULL,
  [PersonID] int NOT NULL,
  [ControlID] int NOT NULL,
  [ControlValue] varbinary(8000) NOT NULL
,  CONSTRAINT [PK_OtherInfoAN] PRIMARY KEY CLUSTERED ([DataID] ASC)
);"
dbo.OtherInfoHide,"CREATE TABLE [dbo].[OtherInfoHide] (

  [DataID] int IDENTITY(1,1) NOT NULL,
  [ScreenNum] int NOT NULL,
  [personID] int NOT NULL,
  [ControlID] int NOT NULL,
  [ControlValue] varbinary(8000) NULL,
  [appointmentID] int NOT NULL
,  CONSTRAINT [PK__OtherInf__9D05305D9F4C5606] PRIMARY KEY CLUSTERED ([DataID] ASC)
);"
dbo.OtherInfoHide2,"CREATE TABLE [dbo].[OtherInfoHide2] (

  [DataID] int IDENTITY(1,1) NOT NULL,
  [ScreenNum] int NOT NULL,
  [personID] int NOT NULL,
  [ControlID] int NOT NULL,
  [ControlValue] varbinary(8000) NULL,
  [appointmentID] int NOT NULL
,  CONSTRAINT [PK__OtherInf__9D05305D1F103509] PRIMARY KEY CLUSTERED ([DataID] ASC)
);"
dbo.OtherInfoInstructorPM,"CREATE TABLE [dbo].[OtherInfoInstructorPM] (

  [DataID] int IDENTITY(1,1) NOT NULL,
  [appointmentid] int NOT NULL,
  [personid] int NOT NULL,
  [controlid] int NOT NULL,
  [controlvalue] varbinary(MAX) NULL CONSTRAINT [DF_OtherInfoInstructorPM_controlvalue] DEFAULT (NULL)
,  CONSTRAINT [PK__OtherInf__9D05305D411A49A9] PRIMARY KEY CLUSTERED ([DataID] ASC)
);"
dbo.otherinfoIntake,"CREATE TABLE [dbo].[otherinfoIntake] (

  [DataID] int IDENTITY(1,1) NOT NULL,
  [personid] int NULL,
  [controlid] int NULL,
  [controlvalue] varbinary(8000) NULL
,  CONSTRAINT [PK__otherinf__9D05305DB8165749] PRIMARY KEY CLUSTERED ([DataID] ASC)
);"
dbo.OtherInfoOnlineForm,"CREATE TABLE [dbo].[OtherInfoOnlineForm] (

  [DataID] int IDENTITY(1,1) NOT NULL,
  [ScreenNum] int NOT NULL CONSTRAINT [DF__OtherInfo__Scree__2256BA89] DEFAULT ((-1)),
  [PersonID] int NOT NULL CONSTRAINT [DF__OtherInfo__Perso__234ADEC2] DEFAULT ((-1)),
  [ControlID] int NOT NULL CONSTRAINT [DF__OtherInfo__Contr__243F02FB] DEFAULT ((-1)),
  [ControlValue] varbinary(8000) NOT NULL,
  [people_onlineFormId] int NULL CONSTRAINT [DF__OtherInfo__peopl__25332734] DEFAULT (NULL)
,  CONSTRAINT [PK__OtherInf__9D05305DDAAFE7BE] PRIMARY KEY CLUSTERED ([DataID] ASC)
);"
dbo.OtherInfoPA,"CREATE TABLE [dbo].[OtherInfoPA] (

  [DataID] int IDENTITY(1,1) NOT NULL,
  [ScreenNum] int NOT NULL,
  [personID] int NOT NULL,
  [ControlID] int NOT NULL,
  [ControlValue] varbinary(8000) NOT NULL,
  [appointmentID] int NOT NULL
,  CONSTRAINT [PK_OtherInfoPA] PRIMARY KEY CLUSTERED ([DataID] ASC)
);"
dbo.OtherInfoPAF,"CREATE TABLE [dbo].[OtherInfoPAF] (

  [DataID] int IDENTITY(1,1) NOT NULL,
  [personid] int NOT NULL,
  [controlid] int NOT NULL,
  [controlvalue] varbinary(MAX) NULL CONSTRAINT [DF__OtherInfo__contr__18AC8967] DEFAULT (NULL),
  [screennum] int NOT NULL CONSTRAINT [DF__OtherInfo__scree__19A0ADA0] DEFAULT ((0))
,  CONSTRAINT [PK__OtherInf__9D05305DC4AF8FAC] PRIMARY KEY CLUSTERED ([DataID] ASC)
);"
dbo.OtherInfoPAFArchive,"CREATE TABLE [dbo].[OtherInfoPAFArchive] (

  [ArchiveDataID] int IDENTITY(1,1) NOT NULL,
  [dateentered] datetime NOT NULL CONSTRAINT [DF__OtherInfo__datee__2ACB39A2] DEFAULT (getdate()),
  [whoentered] int NULL CONSTRAINT [DF__OtherInfo__whoen__2BBF5DDB] DEFAULT (NULL),
  [wasdeleted] bit NOT NULL CONSTRAINT [DF__OtherInfo__wasde__2CB38214] DEFAULT ((0)),
  [personid] int NOT NULL,
  [controlid] int NOT NULL,
  [oldcontrolvalue] varbinary(MAX) NULL CONSTRAINT [DF__OtherInfo__oldco__2DA7A64D] DEFAULT (NULL)
,  CONSTRAINT [PK__OtherInf__C7869C5DE5097EAA] PRIMARY KEY CLUSTERED ([ArchiveDataID] ASC)
);"
dbo.OtherInfoPC,"CREATE TABLE [dbo].[OtherInfoPC] (

  [DataID] int IDENTITY(1,1) NOT NULL,
  [personid] int NOT NULL,
  [controlid] int NOT NULL,
  [controlvalue] varbinary(MAX) NULL CONSTRAINT [DF__OtherInfo__contr__149C0161] DEFAULT (NULL),
  [screennum] int NOT NULL CONSTRAINT [DF__OtherInfo__scree__1590259A] DEFAULT ((0))
,  CONSTRAINT [PK__OtherInf__9D05305DA93D989A] PRIMARY KEY CLUSTERED ([DataID] ASC)
);"
dbo.OtherInfoPCArchive,"CREATE TABLE [dbo].[OtherInfoPCArchive] (

  [ArchiveDataID] int IDENTITY(1,1) NOT NULL,
  [dateentered] datetime NOT NULL CONSTRAINT [DF__OtherInfo__datee__2295E654] DEFAULT (getdate()),
  [whoentered] int NULL CONSTRAINT [DF__OtherInfo__whoen__238A0A8D] DEFAULT (NULL),
  [wasdeleted] bit NOT NULL CONSTRAINT [DF__OtherInfo__wasde__247E2EC6] DEFAULT ((0)),
  [personid] int NOT NULL,
  [controlid] int NOT NULL,
  [oldcontrolvalue] varbinary(MAX) NULL CONSTRAINT [DF__OtherInfo__oldco__257252FF] DEFAULT (NULL)
,  CONSTRAINT [PK__OtherInf__C7869C5D1452C5AF] PRIMARY KEY CLUSTERED ([ArchiveDataID] ASC)
);"
dbo.OtherInfoPI,"CREATE TABLE [dbo].[OtherInfoPI] (

  [DataID] int IDENTITY(1,1) NOT NULL,
  [personid] int NOT NULL,
  [controlid] int NOT NULL,
  [controlvalue] varbinary(MAX) NULL CONSTRAINT [DF__OtherInfo__contr__4870AB22] DEFAULT (NULL),
  [screennum] int NOT NULL CONSTRAINT [DF__OtherInfo__scree__4964CF5B] DEFAULT ((0))
,  CONSTRAINT [PK__OtherInf__9D05305DD15FACF6] PRIMARY KEY CLUSTERED ([DataID] ASC)
);"
dbo.OtherInfoPIArchive,"CREATE TABLE [dbo].[OtherInfoPIArchive] (

  [ArchiveDataID] int IDENTITY(1,1) NOT NULL,
  [dateentered] datetime NOT NULL CONSTRAINT [DF__OtherInfo__datee__03B16C81] DEFAULT (getdate()),
  [whoentered] int NULL CONSTRAINT [DF__OtherInfo__whoen__04A590BA] DEFAULT (NULL),
  [wasdeleted] bit NOT NULL CONSTRAINT [DF__OtherInfo__wasde__0599B4F3] DEFAULT ((0)),
  [personid] int NOT NULL,
  [controlid] int NOT NULL,
  [oldcontrolvalue] varbinary(MAX) NULL CONSTRAINT [DF__OtherInfo__oldco__068DD92C] DEFAULT (NULL)
,  CONSTRAINT [PK__OtherInf__C7869C5D167ACE82] PRIMARY KEY CLUSTERED ([ArchiveDataID] ASC)
);"
dbo.otherinfopie,"CREATE TABLE [dbo].[otherinfopie] (

  [DataID] int IDENTITY(1,1) NOT NULL,
  [ScreenNum] int NOT NULL,
  [personID] int NOT NULL,
  [ControlID] int NOT NULL,
  [ControlValue] varbinary(MAX) NULL,
  [appointmentID] int NOT NULL
,  CONSTRAINT [PK__otherinf__9D05305D0B743F31] PRIMARY KEY CLUSTERED ([DataID] ASC)
);"
dbo.OtherInfoPJA,"CREATE TABLE [dbo].[OtherInfoPJA] (

  [DataID] int IDENTITY(1,1) NOT NULL,
  [ScreenNum] int NOT NULL,
  [personID] int NOT NULL,
  [ControlID] int NOT NULL,
  [ControlValue] varbinary(8000) NULL,
  [appointmentID] int NOT NULL
,  CONSTRAINT [PK__OtherInf__9D05305D5D3F227D] PRIMARY KEY CLUSTERED ([DataID] ASC)
);"
dbo.OtherInfoPM,"CREATE TABLE [dbo].[OtherInfoPM] (

  [DataID] int IDENTITY(1,1) NOT NULL,
  [appointmentid] int NOT NULL,
  [personid] int NOT NULL,
  [controlid] int NOT NULL,
  [controlvalue] varbinary(MAX) NOT NULL CONSTRAINT [dv_otherinfopm_controlvalue] DEFAULT (NULL)
,  CONSTRAINT [PK__OtherInf__9D05305D9A32FD9D] PRIMARY KEY CLUSTERED ([DataID] ASC)
);"
dbo.OtherInfoPS,"CREATE TABLE [dbo].[OtherInfoPS] (

  [DataID] int IDENTITY(1,1) NOT NULL,
  [ScreenNum] int NOT NULL,
  [PersonID] int NOT NULL,
  [ControlID] int NOT NULL,
  [ControlValue] varbinary(MAX) NOT NULL CONSTRAINT [dv_otherinfops_controlvalue] DEFAULT (NULL)
,  CONSTRAINT [PK_OtherInfoPS] PRIMARY KEY CLUSTERED ([DataID] ASC)
);"
dbo.OtherInfoPSArchive,"CREATE TABLE [dbo].[OtherInfoPSArchive] (

  [ArchiveDataID] int IDENTITY(1,1) NOT NULL,
  [dateentered] datetime NOT NULL CONSTRAINT [DF__OtherInfo__datee__46535886] DEFAULT (getdate()),
  [whoentered] int NULL CONSTRAINT [DF__OtherInfo__whoen__47477CBF] DEFAULT (NULL),
  [wasdeleted] bit NOT NULL CONSTRAINT [DF__OtherInfo__wasde__483BA0F8] DEFAULT ((0)),
  [personid] int NOT NULL,
  [controlid] int NOT NULL,
  [oldcontrolvalue] varbinary(MAX) NULL CONSTRAINT [DF__OtherInfo__oldco__492FC531] DEFAULT (NULL)
,  CONSTRAINT [PK__OtherInf__C7869C5D1DAF2F40] PRIMARY KEY CLUSTERED ([ArchiveDataID] ASC)
);"
dbo.OtherInfoPsArchive2,"CREATE TABLE [dbo].[OtherInfoPsArchive2] (

  [PersonID] int NOT NULL,
  [ControlID] int NOT NULL,
  [ControlValue] varbinary(MAX) NULL,
  [TimeStamp] datetime NOT NULL CONSTRAINT [DF__OtherInfo__TimeS__4DAA618B] DEFAULT (getdate())
);"
dbo.OtherInfoPsFileUpload,"CREATE TABLE [dbo].[OtherInfoPsFileUpload] (

  [OtherInfoPsFileUploadId] int IDENTITY(1,1) NOT NULL,
  [FK_PersonId] int NOT NULL,
  [IsAtLeastOneFileStatusOpen] bit NOT NULL CONSTRAINT [DF__OtherInfo__IsAtL__7678384B] DEFAULT ((0)),
  [LastUpdated] datetime NOT NULL CONSTRAINT [DF__OtherInfo__LastU__776C5C84] DEFAULT (getdate())
,  CONSTRAINT [PK__OtherInf__6527BDF8DC524EEC] PRIMARY KEY CLUSTERED ([OtherInfoPsFileUploadId] ASC)
);"
dbo.OtherInfoSurvey,"CREATE TABLE [dbo].[OtherInfoSurvey] (

  [DataID] int IDENTITY(1,1) NOT NULL,
  [ScreenNum] int NOT NULL CONSTRAINT [DF__OtherInfo__Scree__1F3A56BC] DEFAULT ((-1)),
  [PersonID] int NOT NULL CONSTRAINT [DF__OtherInfo__Perso__202E7AF5] DEFAULT ((-1)),
  [ControlID] int NOT NULL CONSTRAINT [DF__OtherInfo__Contr__21229F2E] DEFAULT ((-1)),
  [ControlValue] varbinary(8000) NOT NULL,
  [people_surveyId] int NULL CONSTRAINT [DF__OtherInfo__peopl__6AE68A0E] DEFAULT (NULL)
,  CONSTRAINT [PK__OtherInf__9D05305DF980A08F] PRIMARY KEY CLUSTERED ([DataID] ASC)
);"
dbo.OtherInfoWL,"CREATE TABLE [dbo].[OtherInfoWL] (

  [DataID] int IDENTITY(1,1) NOT NULL,
  [screennum] int NOT NULL CONSTRAINT [DF__OtherInfo__scree__02D256E1] DEFAULT ((0)),
  [personid] int NOT NULL,
  [controlid] int NOT NULL,
  [controlvalue] varbinary(MAX) NULL CONSTRAINT [DF_OtherInfoWL_controlvalue] DEFAULT (NULL),
  [appointmentid] int NOT NULL CONSTRAINT [DF__OtherInfo__appoi__04BA9F53] DEFAULT ((0))
,  CONSTRAINT [PK__OtherInf__9D05305DC7EE1003] PRIMARY KEY CLUSTERED ([DataID] ASC)
);"
dbo.Passwords,"CREATE TABLE [dbo].[Passwords] (

  [PasswordID] int IDENTITY(1,1) NOT NULL,
  [PasswordDescription] varchar(100) NOT NULL,
  [Password] varbinary(8000) NOT NULL,
  [PasswordInfo] varchar(1000) NOT NULL CONSTRAINT [DF_Passwords_PasswordInfo] DEFAULT ('')
,  CONSTRAINT [PK_Passwords] PRIMARY KEY CLUSTERED ([PasswordID] ASC)
);"
dbo.PaymentMethods,"CREATE TABLE [dbo].[PaymentMethods] (

  [PaymentMethodID] int IDENTITY(1,1) NOT NULL,
  [PaymentMethodTitle] varchar(50) NULL CONSTRAINT [DF__PaymentMe__Payme__1F2E9E6D] DEFAULT ('')
,  CONSTRAINT [PaymentMethodID] PRIMARY KEY NONCLUSTERED ([PaymentMethodID] ASC)
);"
dbo.People,"CREATE TABLE [dbo].[People] (

  [PersonID] int IDENTITY(1,1) NOT NULL,
  [firstName] varbinary(100) NOT NULL,
  [lastName] varbinary(100) NOT NULL,
  [student_no] varbinary(100) NOT NULL,
  [isActive] bit NOT NULL CONSTRAINT [DF_People_isActive] DEFAULT ((1)),
  [dateAdded] datetime NULL,
  [middleName] varbinary(100) NULL
,  CONSTRAINT [PK_People] PRIMARY KEY CLUSTERED ([PersonID] ASC)
);"
dbo.people_hide,"CREATE TABLE [dbo].[people_hide] (

  [archiveid] int IDENTITY(1,1) NOT NULL,
  [personid] int NOT NULL,
  [firstname] varbinary(8000) NULL,
  [middlename] varbinary(8000) NULL,
  [lastname] varbinary(8000) NULL,
  [student_no] varbinary(8000) NULL,
  [isactive] bit NOT NULL CONSTRAINT [DF__people_hi__isact__0E990F48] DEFAULT ((1)),
  [dateadded] datetime NOT NULL CONSTRAINT [DF__people_hi__datea__0F8D3381] DEFAULT (getdate()),
  [whoadded] int NULL,
  [daterestored] datetime NULL,
  [whorestored] int NULL
,  CONSTRAINT [PK__people_h__9C0D185D5DD44AFF] PRIMARY KEY CLUSTERED ([archiveid] ASC)
);"
dbo.people_intake,"CREATE TABLE [dbo].[people_intake] (

  [personid] int IDENTITY(1,1) NOT NULL,
  [firstname] varbinary(8000) NULL,
  [middlename] varbinary(8000) NULL,
  [lastname] varbinary(8000) NULL,
  [student_no] varbinary(8000) NULL,
  [email] varbinary(8000) NULL,
  [isactive] bit NOT NULL CONSTRAINT [DF__people_in__isact__02333863] DEFAULT ((1)),
  [ip] varchar(255) NULL,
  [dateadded] datetime NOT NULL CONSTRAINT [DF__people_in__datea__03275C9C] DEFAULT (getdate()),
  [IntakeStatusId] uniqueidentifier NULL CONSTRAINT [DF__people_in__Intak__46A92998] DEFAULT (NULL),
  [Note] varbinary(MAX) NULL CONSTRAINT [DF__people_int__Note__479D4DD1] DEFAULT (NULL),
  [IntakeUniqueId] uniqueidentifier NOT NULL CONSTRAINT [DF__people_in__Intak__652DB0B8] DEFAULT (newid())
,  CONSTRAINT [PK__people_i__EC7C6175BCAD6E2C] PRIMARY KEY CLUSTERED ([personid] ASC)
);"
dbo.people_intake_status,"CREATE TABLE [dbo].[people_intake_status] (

  [IntakeStatusId] uniqueidentifier NOT NULL CONSTRAINT [DF__people_in__Intak__41E4747B] DEFAULT (newid()),
  [Title] varchar(255) NOT NULL,
  [Description] varchar(MAX) NOT NULL CONSTRAINT [DF__people_in__Descr__42D898B4] DEFAULT (''),
  [BackgroundColor] int NULL CONSTRAINT [DF__people_in__Backg__43CCBCED] DEFAULT (NULL),
  [IsInActive] bit NOT NULL CONSTRAINT [DF__people_in__IsInA__44C0E126] DEFAULT ((0)),
  [OrderNum] int NOT NULL CONSTRAINT [DF__people_in__Order__45B5055F] DEFAULT ((0))
,  CONSTRAINT [PK__people_i__34637EB44D84F054] PRIMARY KEY CLUSTERED ([IntakeStatusId] ASC)
);"
dbo.people_onlineform,"CREATE TABLE [dbo].[people_onlineform] (

  [people_onlineFormId] int IDENTITY(1,1) NOT NULL,
  [personid] int NULL,
  [onlineformid] int NOT NULL,
  [DateEntered] datetime NULL,
  [captchaenabled] bit NOT NULL,
  [IsDeleted] bit NOT NULL,
  [FK_PeopleOnlineFormStatusId] int NULL CONSTRAINT [DF__people_on__FK_Pe__131476F9] DEFAULT (NULL),
  [StaffNote] varbinary(MAX) NULL CONSTRAINT [DF__people_on__Staff__14089B32] DEFAULT (NULL)
,  CONSTRAINT [PK__people_o__30D105D700EFF786] PRIMARY KEY CLUSTERED ([people_onlineFormId] ASC)
);"
dbo.people_onlineform_status,"CREATE TABLE [dbo].[people_onlineform_status] (

  [PeopleOnlineFormStatusId] int IDENTITY(1,1) NOT NULL,
  [Title] varchar(255) NOT NULL,
  [StatusTypeId] int NOT NULL,
  [IsDisabled] bit NOT NULL CONSTRAINT [DF__people_on__IsDis__16E507DD] DEFAULT ((0))
,  CONSTRAINT [PK__people_o__17ED57CDCA0FD321] PRIMARY KEY CLUSTERED ([PeopleOnlineFormStatusId] ASC)
);"
dbo.people_survey,"CREATE TABLE [dbo].[people_survey] (

  [people_surveyId] int IDENTITY(1,1) NOT NULL,
  [personid] int NULL,
  [surveyid] int NOT NULL,
  [DateEntered] datetime NULL,
  [captchaenabled] bit NOT NULL,
  [IsDeleted] bit NOT NULL,
  [FK_PeopleSurveyStatusId] int NULL CONSTRAINT [DF__people_su__FK_Pe__72A7A767] DEFAULT (NULL),
  [StaffNote] varbinary(MAX) NULL CONSTRAINT [DF__people_su__Staff__7954A4F6] DEFAULT (NULL)
,  CONSTRAINT [PK__people_s__6776B94452774557] PRIMARY KEY CLUSTERED ([people_surveyId] ASC)
);"
dbo.people_survey_status,"CREATE TABLE [dbo].[people_survey_status] (

  [PeopleSurveyStatusId] int IDENTITY(1,1) NOT NULL,
  [Title] varchar(255) NOT NULL,
  [StatusTypeId] int NOT NULL,
  [IsDisabled] bit NOT NULL CONSTRAINT [DF__people_su__IsDis__71B3832E] DEFAULT ((0))
,  CONSTRAINT [PK__people_s__6FEDD49F16A4EAC7] PRIMARY KEY CLUSTERED ([PeopleSurveyStatusId] ASC)
);"
dbo.PeopleDatesAdded,"CREATE TABLE [dbo].[PeopleDatesAdded] (

  [PeopleDatesAddedID] int IDENTITY(1,1) NOT NULL,
  [personID] int NULL,
  [dateAdded] datetime NULL,
  [whoAdded] int NOT NULL CONSTRAINT [DF__PeopleDat__whoAd__17236851] DEFAULT ((0))
,  CONSTRAINT [PK_PeopleDatesAdded] PRIMARY KEY CLUSTERED ([PeopleDatesAddedID] ASC)
);"
dbo.PeopleGroups,"CREATE TABLE [dbo].[PeopleGroups] (

  [PersonGroupID] int IDENTITY(1,1) NOT NULL,
  [GroupID] int NOT NULL CONSTRAINT [DF_PeopleGroups_GroupID] DEFAULT ((1)),
  [PersonID] int NOT NULL,
  [isPrimaryGroup] bit NOT NULL CONSTRAINT [DF_PeopleGroups_isPrimaryGroup] DEFAULT ((0)),
  [ordernum] tinyint NOT NULL CONSTRAINT [DF__PeopleGro__order__1387E197] DEFAULT ((0))
,  CONSTRAINT [PK_PeopleGroups] PRIMARY KEY CLUSTERED ([PersonGroupID] ASC)
);"
dbo.PeopleGroupsCustom,"CREATE TABLE [dbo].[PeopleGroupsCustom] (

  [groupid] int NOT NULL,
  [personid] int NOT NULL,
  [ownerpersonid] int NULL CONSTRAINT [DF__PeopleGro__owner__3651FAE7] DEFAULT (NULL),
  [ordernum] int NOT NULL CONSTRAINT [DF__PeopleGro__order__37461F20] DEFAULT ((0))
,  CONSTRAINT [PK__PeopleGr__C603C992D4FA2FD8] PRIMARY KEY CLUSTERED ([groupid] ASC,[personid] ASC)
);"
dbo.PeopleLastAddition,"CREATE TABLE [dbo].[PeopleLastAddition] (

  [personid] int NOT NULL,
  [dateadded] datetime NOT NULL CONSTRAINT [DF__PeopleLas__datea__630F92C5] DEFAULT (getdate())
);"
dbo.PeoplePreviousYears,"CREATE TABLE [dbo].[PeoplePreviousYears] (

  [peoplePreviousYearsID] int IDENTITY(1,1) NOT NULL,
  [personid] int NOT NULL,
  [dateactive] datetime NOT NULL
,  CONSTRAINT [PK_PeoplePreviousYears] PRIMARY KEY CLUSTERED ([peoplePreviousYearsID] ASC)
);"
dbo.peopleremoved,"CREATE TABLE [dbo].[peopleremoved] (

  [peopleremovedid] int NOT NULL,
  [personid] int NOT NULL,
  [firstname] varbinary(8000) NOT NULL,
  [middlename] varbinary(8000) NULL,
  [lastname] varbinary(8000) NOT NULL,
  [isactive] bit NOT NULL CONSTRAINT [DF__peoplerem__isact__799DF262] DEFAULT ((1)),
  [dateadded] datetime NOT NULL CONSTRAINT [DF__peoplerem__datea__7A92169B] DEFAULT (getdate()),
  [whoadded] int NOT NULL CONSTRAINT [DF__peoplerem__whoad__7B863AD4] DEFAULT ((0)),
  [restored] bit NOT NULL CONSTRAINT [DF__peoplerem__resto__7C7A5F0D] DEFAULT ((0)),
  [restoredby] int NULL CONSTRAINT [DF__peoplerem__resto__7D6E8346] DEFAULT (NULL),
  [restoreddate] datetime NOT NULL CONSTRAINT [DF__peoplerem__resto__7E62A77F] DEFAULT (getdate())
,  CONSTRAINT [PK__peoplere__1C06AFCA1124432D] PRIMARY KEY CLUSTERED ([peopleremovedid] ASC)
);"
dbo.PeopleVirtualMeetingsExternalId,"CREATE TABLE [dbo].[PeopleVirtualMeetingsExternalId] (

  [PeopleVirtualMeetingsId] int IDENTITY(1,1) NOT NULL,
  [VirtualMeetingsType] int NOT NULL CONSTRAINT [DF__PeopleVir__Virtu__487C6371] DEFAULT ((0)),
  [FK_PersonId] int NOT NULL,
  [ExternalUserId] varchar(255) NOT NULL CONSTRAINT [DF__PeopleVir__Exter__497087AA] DEFAULT (''),
  [Email] varbinary(MAX) NOT NULL
,  CONSTRAINT [PK__PeopleVi__61DAE88723F6910E] PRIMARY KEY CLUSTERED ([PeopleVirtualMeetingsId] ASC)
);"
dbo.Permissions,"CREATE TABLE [dbo].[Permissions] (

  [PermissionID] int IDENTITY(1,1) NOT NULL,
  [personID] int NOT NULL,
  [permissionCode] int NOT NULL,
  [permissionValue] int NULL
,  CONSTRAINT [PK_Permissions] PRIMARY KEY CLUSTERED ([PermissionID] ASC)
);"
dbo.PermissionsGroups,"CREATE TABLE [dbo].[PermissionsGroups] (

  [PermissionGroupID] int IDENTITY(1,1) NOT NULL,
  [groupID] int NOT NULL,
  [permissionCode] int NOT NULL,
  [permissionValue] int NULL
,  CONSTRAINT [PK_PermissionsGroups] PRIMARY KEY CLUSTERED ([PermissionGroupID] ASC)
);"
dbo.Plugins,"CREATE TABLE [dbo].[Plugins] (

  [PluginTypeID] int IDENTITY(1,1) NOT NULL,
  [PluginFileName] varchar(50) NOT NULL CONSTRAINT [DF_Plugins_PluginFileName] DEFAULT ('Notetakers'),
  [Description] varchar(100) NOT NULL CONSTRAINT [DF_Plugins_Description] DEFAULT (''),
  [ConnString] varchar(2500) NOT NULL CONSTRAINT [DF_Plugins_ConnString] DEFAULT (''),
  [SelectCMD] varchar(2500) NOT NULL CONSTRAINT [DF_Plugins_SelectCMD] DEFAULT (''),
  [UpdateCMD] varchar(2500) NOT NULL CONSTRAINT [DF_Plugins_UpdateCMD] DEFAULT (''),
  [PluginParameters] varbinary(8000) NULL
,  CONSTRAINT [PK_Plugins] PRIMARY KEY CLUSTERED ([PluginTypeID] ASC)
);"
dbo.RecurringSchedule,"CREATE TABLE [dbo].[RecurringSchedule] (

  [RecurringScheduleID] int IDENTITY(1,1) NOT NULL,
  [personID] int NOT NULL CONSTRAINT [DF_RecurringSchedule_personID] DEFAULT ((-1)),
  [activeStartDate] datetime NULL,
  [activeEndDate] datetime NULL,
  [hashID] int NOT NULL,
  [startDateTime] datetime NOT NULL,
  [endDateTime] datetime NOT NULL,
  [everyTypeCode] int NOT NULL CONSTRAINT [DF_RecurringSchedule_everyTypeCode] DEFAULT ((0)),
  [multiplyBy] int NOT NULL CONSTRAINT [DF_RecurringSchedule_multiplyBy] DEFAULT ((1)),
  [description] varchar(50) NULL,
  [colourArgB] int NOT NULL CONSTRAINT [DF_RecurringSchedule_colorArgB] DEFAULT ((0)),
  [note] varchar(50) NULL,
  [isWorkingHours] bit NOT NULL CONSTRAINT [DF_RecurringSchedule_isWorkingHours] DEFAULT ((0)),
  [recurringScheduleTypeCode] int NOT NULL CONSTRAINT [DF_RecurringSchedule_recurringScheduleTypeCode] DEFAULT ((0))
,  CONSTRAINT [PK_RecurringSchedule] PRIMARY KEY CLUSTERED ([RecurringScheduleID] ASC)
);"
dbo.Referral,"CREATE TABLE [dbo].[Referral] (

  [personid] int NOT NULL,
  [frompersonid] int NOT NULL,
  [topersonid] int NOT NULL,
  [referralnote] text NOT NULL CONSTRAINT [DF__Referral__referr__74CE504D] DEFAULT (''),
  [expirydate] datetime NOT NULL CONSTRAINT [DF__Referral__expiry__75C27486] DEFAULT (NULL)
,  CONSTRAINT [PK__Referral__604ECA83828BF719] PRIMARY KEY CLUSTERED ([personid] ASC,[frompersonid] ASC,[topersonid] ASC,[expirydate] ASC)
);"
dbo.referralpermission,"CREATE TABLE [dbo].[referralpermission] (

  [referralpermissionid] int IDENTITY(1,1) NOT NULL,
  [screennum] int NULL CONSTRAINT [DF__referralp__scree__477199F1] DEFAULT (NULL),
  [referralpermissiontypecode] int NULL CONSTRAINT [DF__referralp__refer__4865BE2A] DEFAULT (NULL),
  [referralpermissionsubtypecode] int NULL CONSTRAINT [DF__referralp__refer__4959E263] DEFAULT (NULL),
  [referralpermissionexpirydate] datetime NULL CONSTRAINT [DF__referralp__refer__4A4E069C] DEFAULT (NULL),
  [personid] int NULL CONSTRAINT [DF__referralp__perso__4B422AD5] DEFAULT (NULL),
  [fromcounsellorpid] int NULL CONSTRAINT [DF__referralp__fromc__4C364F0E] DEFAULT (NULL),
  [tocounsellorpid] int NULL CONSTRAINT [DF__referralp__tocou__4D2A7347] DEFAULT (NULL),
  [referralpermissionnote] text NULL CONSTRAINT [DF__referralp__refer__4E1E9780] DEFAULT (''),
  [referralpermissiondate] datetime NULL CONSTRAINT [DF__referralp__refer__4F12BBB9] DEFAULT (getdate()),
  [referralpermissionactive] bit NULL CONSTRAINT [DF__referralp__refer__5006DFF2] DEFAULT ((1))
,  CONSTRAINT [PK__referral__36341395B518950F] PRIMARY KEY CLUSTERED ([referralpermissionid] ASC)
);"
dbo.ReportFileReportIdMatching,"CREATE TABLE [dbo].[ReportFileReportIdMatching] (

  [reportfileid] int NOT NULL,
  [reportid] int NOT NULL,
  [ordernum] int NOT NULL CONSTRAINT [DF__ReportFil__order__292D09F3] DEFAULT ((0)),
  [isactive] bit NOT NULL CONSTRAINT [DF__ReportFil__isact__2A212E2C] DEFAULT ((1))
,  CONSTRAINT [PK__ReportFi__3274A616B39CC402] PRIMARY KEY CLUSTERED ([reportfileid] ASC,[reportid] ASC)
);"
dbo.ReportFiles,"CREATE TABLE [dbo].[ReportFiles] (

  [reportfileid] int IDENTITY(1,1) NOT NULL,
  [reportfile] image NULL CONSTRAINT [DF__ReportFil__repor__2374309D] DEFAULT (NULL),
  [reportfilename] varchar(1000) NOT NULL CONSTRAINT [DF__ReportFil__repor__246854D6] DEFAULT (''),
  [title] varchar(1000) NOT NULL CONSTRAINT [DF__ReportFil__title__255C790F] DEFAULT (''),
  [description] varchar(1000) NULL,
  [columnsrequired] varchar(1000) NULL,
  [isactive] bit NOT NULL CONSTRAINT [DF__ReportFil__isact__26509D48] DEFAULT ((1)),
  [FileChecksum] varchar(MAX) NULL CONSTRAINT [DF__ReportFil__FileC__66AB197F] DEFAULT (NULL),
  [ordernum] int NOT NULL CONSTRAINT [DF__ReportFil__order__20D7BB14] DEFAULT ((0))
,  CONSTRAINT [PK__ReportFi__73BD0233C54D8D9D] PRIMARY KEY CLUSTERED ([reportfileid] ASC)
);"
dbo.ScreenData,"CREATE TABLE [dbo].[ScreenData] (

  [ScreenDataID] int IDENTITY(1,1) NOT NULL,
  [ScreenNum] int NOT NULL,
  [personID] int NOT NULL,
  [appointmentID] int NULL,
  [dateModified] datetime NOT NULL,
  [whoModified] int NOT NULL
,  CONSTRAINT [PK_ScreenData] PRIMARY KEY CLUSTERED ([ScreenDataID] ASC)
);"
dbo.ScreenDataAnonymous,"CREATE TABLE [dbo].[ScreenDataAnonymous] (

  [ScreenDataAnonymousID] int IDENTITY(1,1) NOT NULL,
  [ScreenNum] int NOT NULL,
  [personID] int NOT NULL,
  [dateModified] datetime NOT NULL,
  [whoModified] int NOT NULL
,  CONSTRAINT [PK_ScreenDataAnonymous] PRIMARY KEY CLUSTERED ([ScreenDataAnonymousID] ASC)
);"
dbo.ScreenDataAnonymous2,"CREATE TABLE [dbo].[ScreenDataAnonymous2] (

  [ScreenDataAnonymous2] int IDENTITY(1,1) NOT NULL,
  [ScreenNum] int NOT NULL,
  [personID] int NOT NULL,
  [datemodified] datetime NULL,
  [whomodified] int NOT NULL
,  CONSTRAINT [PK_ScreenDataAnonymous2] PRIMARY KEY CLUSTERED ([ScreenDataAnonymous2] ASC)
);"
dbo.Screens,"CREATE TABLE [dbo].[Screens] (

  [ScreenNum] int NOT NULL,
  [description] varchar(2500) NOT NULL CONSTRAINT [DV_Screens_Description] DEFAULT (''),
  [typeCode] int NOT NULL CONSTRAINT [DF_Screens_typeCode] DEFAULT ((0)),
  [bottomLess] bit NOT NULL CONSTRAINT [DF_Screens_bottomLess] DEFAULT ((1)),
  [verticalControlPad] int NOT NULL,
  [columnWidth] int NOT NULL,
  [columnPad] int NOT NULL,
  [dateAdded] datetime NOT NULL,
  [dateModified] datetime NOT NULL,
  [isActive] bit NOT NULL CONSTRAINT [DF_Screens_isActive] DEFAULT ((1)),
  [iconIndex] int NOT NULL CONSTRAINT [DF_Screens_iconIndex] DEFAULT ((-1)),
  [largeIconIndex] int NOT NULL CONSTRAINT [DF_Screens_largeIconIndex] DEFAULT ((0)),
  [shortText] varchar(2500) NOT NULL CONSTRAINT [DF_Screens_shortText] DEFAULT (''),
  [studentNameNumEditable] bit NOT NULL CONSTRAINT [DF_Screens_studentNameNumEditable] DEFAULT ((0)),
  [ScreenID] int IDENTITY(1,1) NOT NULL,
  [showAsButton] bit NOT NULL CONSTRAINT [DF_Screens_showAsButton] DEFAULT ((1)),
  [fontName] varchar(255) NOT NULL CONSTRAINT [DF__Screens__fontNam__1A14E395] DEFAULT (''),
  [fontSize] bit NOT NULL CONSTRAINT [DF__Screens__fontSiz__1B0907CE] DEFAULT ((0)),
  [groupids] varchar(255) NOT NULL CONSTRAINT [DF__Screens__groupid__1BFD2C07] DEFAULT (''),
  [isWebScreen] bit NOT NULL CONSTRAINT [DF__Screens__isWebSc__1CF15040] DEFAULT ((0)),
  [longDescription] varchar(2000) NOT NULL CONSTRAINT [DF__Screens__longDes__1DE57479] DEFAULT (''),
  [controlIdToActivate] int NOT NULL CONSTRAINT [DF__Screens__control__1ED998B2] DEFAULT ((0)),
  [studentnumbercaption] varchar(255) NOT NULL CONSTRAINT [DF__Screens__student__335592AB] DEFAULT (''),
  [studentnamehidden] bit NOT NULL CONSTRAINT [DF__Screens__student__3449B6E4] DEFAULT ((0)),
  [studentnumberautogeneraterule] text NOT NULL CONSTRAINT [DF__Screens__student__353DDB1D] DEFAULT (''),
  [ScreenDescription] text NOT NULL CONSTRAINT [DF__Screens__ScreenD__4CE05A84] DEFAULT (''),
  [EmailTemplatePrefix] varchar(255) NOT NULL CONSTRAINT [DF__Screens__EmailTe__4DD47EBD] DEFAULT (''),
  [TemplatePrefix] varchar(255) NOT NULL CONSTRAINT [DF__Screens__Templat__4EC8A2F6] DEFAULT (''),
  [OrderNum] int NOT NULL CONSTRAINT [DF__Screens__OrderNu__679F3DB8] DEFAULT ((0)),
  [ScreenUniqueId] uniqueidentifier NOT NULL CONSTRAINT [DF__Screens__ScreenU__7F76C749] DEFAULT (newid())
,  CONSTRAINT [PK_Screens] PRIMARY KEY CLUSTERED ([ScreenNum] ASC)
);"
dbo.SearchChartInfo,"CREATE TABLE [dbo].[SearchChartInfo] (

  [SearchChartInfoID] int IDENTITY(0,1) NOT NULL,
  [ChartParameters] varchar(8000) NOT NULL CONSTRAINT [DF__DbaMgr_Tm__Chart__55209ACA] DEFAULT (''),
  [ChartTitle] varchar(255) NOT NULL CONSTRAINT [DF_SearchChartInfo_ChartTitle] DEFAULT (''),
  [XTitle] varchar(255) NOT NULL CONSTRAINT [DF_SearchChartInfo_XTitle] DEFAULT (''),
  [YTitle] varchar(255) NOT NULL CONSTRAINT [DF_SearchChartInfo_YTitle] DEFAULT (''),
  [BarBorderColour] int NOT NULL CONSTRAINT [DF_SearchChartInfo_BarBorderColour] DEFAULT ((0)),
  [BarCol1] int NOT NULL CONSTRAINT [DF_SearchChartInfo_BarCol1] DEFAULT ((0)),
  [BarCol2] int NOT NULL CONSTRAINT [DF_SearchChartInfo_BarCol2] DEFAULT ((0)),
  [BarCol3] int NULL,
  [AxisCol1] int NOT NULL CONSTRAINT [DF_SearchChartInfo_AxisCol1] DEFAULT ((0)),
  [AxisCol2] int NOT NULL CONSTRAINT [DF_SearchChartInfo_AxisCol2] DEFAULT ((0)),
  [AxisCol3] int NULL,
  [PanelCol1] int NOT NULL CONSTRAINT [DF_SearchChartInfo_PanelCol1] DEFAULT ((0)),
  [PanelCol2] int NOT NULL CONSTRAINT [DF_SearchChartInfo_PanelCol2] DEFAULT ((0)),
  [PanelCol3] int NULL,
  [XAxisFontAngle] int NOT NULL CONSTRAINT [DF_SearchChartInfo_XAxisFontAngle] DEFAULT ((90)),
  [XAxisFontSize] int NOT NULL CONSTRAINT [DF_SearchChartInfo_XAxisFontSize] DEFAULT ((8)),
  [SearchChartDescription] varchar(255) NOT NULL CONSTRAINT [DF_SearchChartInfo_SearchChartDescription] DEFAULT ('')
,  CONSTRAINT [IX_SearchChartInfoID] PRIMARY KEY NONCLUSTERED ([SearchChartInfoID] ASC)
);"
dbo.SearchCustom,"CREATE TABLE [dbo].[SearchCustom] (

  [SearchCustomID] int IDENTITY(1,1) NOT NULL,
  [SearchCustomCode] char(50) NOT NULL CONSTRAINT [DF_SearchCustom_SearchCustomCode] DEFAULT (''),
  [searchCustomDescription] varchar(500) NOT NULL CONSTRAINT [DF_SearchCustom_searchCustomDescription] DEFAULT (''),
  [retrieveListSQL] varchar(1000) NOT NULL CONSTRAINT [DF_SearchCustom_retrieveListSQL] DEFAULT (''),
  [multiSelect] bit NOT NULL CONSTRAINT [DF_SearchCustom_multiSelect] DEFAULT ((1))
,  CONSTRAINT [PK_SearchCustom] PRIMARY KEY CLUSTERED ([SearchCustomID] ASC)
);"
dbo.SearchDynamicControls,"CREATE TABLE [dbo].[SearchDynamicControls] (

  [ControlID] int IDENTITY(1,1) NOT NULL,
  [ControlCode] int NOT NULL CONSTRAINT [DF_SearchDynamicControls_ControlCode] DEFAULT ((-1)),
  [ControlCaption] varchar(100) NOT NULL CONSTRAINT [DF_SearchDynamicControls_ControlCaption] DEFAULT (''),
  [Setting1] int NOT NULL CONSTRAINT [DF_SearchDynamicControls_Setting1] DEFAULT ((-1)),
  [Setting2] int NOT NULL CONSTRAINT [DF_SearchDynamicControls_Setting2] DEFAULT ((-1)),
  [Setting3] int NOT NULL CONSTRAINT [DF_SearchDynamicControls_Setting3] DEFAULT ((-1)),
  [DefaultValue] int NOT NULL CONSTRAINT [DF_SearchDynamicControls_DefaultValue] DEFAULT ((-1)),
  [DefaultString] varchar(255) NOT NULL CONSTRAINT [DF_SearchDynamicControls_DefaultString] DEFAULT ('')
,  CONSTRAINT [PK_SearchDynamicControls] PRIMARY KEY CLUSTERED ([ControlID] ASC)
);"
dbo.SearchDynamicScreenControls,"CREATE TABLE [dbo].[SearchDynamicScreenControls] (

  [DynamicScreenControlID] int IDENTITY(1,1) NOT NULL,
  [screenNum] int NOT NULL CONSTRAINT [DF_SearchDynamicScreenControls_screenNum] DEFAULT ((-1)),
  [controlID] int NOT NULL CONSTRAINT [DF_SearchDynamicScreenControls_controlID] DEFAULT ((-1)),
  [orderNum] int NOT NULL CONSTRAINT [DF_SearchDynamicScreenControls_orderNum] DEFAULT ((0)),
  [isActive] bit NOT NULL CONSTRAINT [DF_SearchDynamicScreenControls_isActive] DEFAULT ((1))
,  CONSTRAINT [PK_SearchDynamicScreenControls] PRIMARY KEY CLUSTERED ([DynamicScreenControlID] ASC)
);"
dbo.SearchDynamicScreens,"CREATE TABLE [dbo].[SearchDynamicScreens] (

  [screenNum] int IDENTITY(1,1) NOT NULL,
  [screenDescription] varchar(1000) NOT NULL CONSTRAINT [DF_SearchDynamicScreens_screenDescription] DEFAULT (''),
  [short] char(10) NOT NULL CONSTRAINT [DF_SearchDynamicScreens_short] DEFAULT ('')
,  CONSTRAINT [PK_SearchDynamicScreens] PRIMARY KEY CLUSTERED ([screenNum] ASC)
);"
dbo.SearchEngine_Group,"CREATE TABLE [dbo].[SearchEngine_Group] (

  [ID] int IDENTITY(1,1) NOT NULL,
  [Name] varchar(150) NOT NULL,
  [Description] varchar(1000) NULL
,  CONSTRAINT [PK_Inventory_SearchGroup] PRIMARY KEY CLUSTERED ([ID] ASC)
);"
dbo.SearchEngine_Parameters,"CREATE TABLE [dbo].[SearchEngine_Parameters] (

  [ID] int IDENTITY(1,1) NOT NULL,
  [Name] varchar(150) NOT NULL,
  [DBType] varchar(50) NOT NULL,
  [IsEncrypted] bit NULL CONSTRAINT [DF_Inventory_SearchParameters_IsEncrypted] DEFAULT ((0)),
  [SearchID] int NOT NULL,
  [Description] varchar(1000) NULL
,  CONSTRAINT [PK_Inventory_SearchParameters] PRIMARY KEY CLUSTERED ([ID] ASC)
);"
dbo.SearchEngine_Search,"CREATE TABLE [dbo].[SearchEngine_Search] (

  [ID] int IDENTITY(1,1) NOT NULL,
  [Name] varchar(150) NOT NULL,
  [SQLquery] nvarchar(MAX) NOT NULL,
  [Description] varchar(4000) NULL,
  [EncryptedColumns] varchar(500) NULL,
  [GroupID] int NOT NULL
,  CONSTRAINT [PK_Inventory_Search] PRIMARY KEY CLUSTERED ([ID] ASC)
);"
dbo.SearchFunctionCodes,"CREATE TABLE [dbo].[SearchFunctionCodes] (

  [FunctionCode] int IDENTITY(0,1) NOT NULL,
  [FunctionDescription] varchar(255) NOT NULL CONSTRAINT [DF_SearchFunctionCodes_FunctionDescription] DEFAULT (''),
  [explanation] varchar(1000) NOT NULL CONSTRAINT [DF_SearchFunctionCodes_functionCodeDescription] DEFAULT ('')
,  CONSTRAINT [PK_SearchFunctionCodes] PRIMARY KEY CLUSTERED ([FunctionCode] ASC)
);"
dbo.SearchFunctions,"CREATE TABLE [dbo].[SearchFunctions] (

  [SearchFunctionID] int IDENTITY(0,1) NOT NULL,
  [SearchInfoID] int NOT NULL CONSTRAINT [DF__DbaMgr_Tm__Searc__4B973090] DEFAULT ((-1)),
  [FunctionCode] int NOT NULL CONSTRAINT [DF__DbaMgr_Tm__Funct__4C8B54C9] DEFAULT ((-1)),
  [FunctionParameters] nvarchar(MAX) NULL CONSTRAINT [DF_searchfunctions_functionparameters] DEFAULT (''),
  [OrderNum] int NOT NULL CONSTRAINT [DF__DbaMgr_Tm__Order__4E739D3B] DEFAULT ((0)),
  [Custom] varchar(2000) NOT NULL CONSTRAINT [DF_SearchFunctions_Custom] DEFAULT (''),
  [CustomSQLInjection] varchar(50) NOT NULL CONSTRAINT [DF_SearchFunctions_CustomSQLInjection] DEFAULT (''),
  [CustomSQLInjectionOperator] char(10) NOT NULL CONSTRAINT [DF_SearchFunctions_CustomSQLInjectionOperator] DEFAULT (''),
  [isactive] bit NOT NULL CONSTRAINT [DF__SearchFun__isact__45E94432] DEFAULT ((1)),
  [RunOnClient] bit NOT NULL CONSTRAINT [DF__SearchFun__RunOn__20589827] DEFAULT ((0))
,  CONSTRAINT [IX_SearchFunctionID] PRIMARY KEY NONCLUSTERED ([SearchFunctionID] ASC)
);"
dbo.SearchGroupInfo,"CREATE TABLE [dbo].[SearchGroupInfo] (

  [SearchGroupInfoID] int IDENTITY(0,1) NOT NULL,
  [GroupTitle] varchar(255) NOT NULL CONSTRAINT [DF__SearchGro__Group__44EA3301] DEFAULT (''),
  [GroupDescription] varchar(1000) NOT NULL CONSTRAINT [DF__SearchGro__Group__45DE573A] DEFAULT (''),
  [IconIndex] int NOT NULL CONSTRAINT [DF_SearchGroupInfo_IconIndex] DEFAULT ((-1)),
  [orderNum] int NOT NULL CONSTRAINT [DF_SearchGroupInfo_orderNum] DEFAULT ((0)),
  [parentsearchgroupinfoid] int NULL CONSTRAINT [DF__SearchGro__paren__5066D2A5] DEFAULT (NULL)
,  CONSTRAINT [IX_SearchGroupInfoID] PRIMARY KEY NONCLUSTERED ([SearchGroupInfoID] ASC)
);"
dbo.SearchInfo,"CREATE TABLE [dbo].[SearchInfo] (

  [SearchInfoID] int IDENTITY(1,1) NOT NULL,
  [Title] varchar(255) NOT NULL CONSTRAINT [DF__DbaMgr_Tm__Title__5F9E293D] DEFAULT (''),
  [Description] varchar(MAX) NULL CONSTRAINT [DF_SearchInfo_description] DEFAULT (''),
  [SearchGroupID] int NOT NULL CONSTRAINT [DF__DbaMgr_Tm__Searc__618671AF] DEFAULT ((-1)),
  [DateCreated] datetime NOT NULL,
  [DateLastModified] datetime NOT NULL,
  [WhoCreated] int NOT NULL CONSTRAINT [DF__DbaMgr_Tm__WhoCr__627A95E8] DEFAULT ((-1)),
  [WhoLastModified] int NOT NULL CONSTRAINT [DF__DbaMgr_Tm__WhoLa__636EBA21] DEFAULT ((-1)),
  [orderNum] int NOT NULL CONSTRAINT [DF_SearchInfo_orderNum] DEFAULT ((0)),
  [searchChartInfoID] int NOT NULL CONSTRAINT [DF_SearchInfo_useChart] DEFAULT ((1)),
  [overrideDynamicControlsScreenNum] int NOT NULL CONSTRAINT [DF_SearchInfo_overrideDynamicControlsScreenNum] DEFAULT ((0)),
  [ReportOptions] xml NULL,
  [TproNote] varbinary(MAX) NULL CONSTRAINT [DF__SearchInf__TproN__32F66B4F] DEFAULT (NULL),
  [BuiltByTpro] varbinary(MAX) NULL CONSTRAINT [df_searchinfo_BuiltByTpro] DEFAULT (NULL),
  [CreatedByLocation] varchar(MAX) NULL CONSTRAINT [df_searchinfo_CreatedByLocation] DEFAULT (NULL),
  [ReportUniqueId] uniqueidentifier NOT NULL CONSTRAINT [DF__SearchInf__Repor__3FD14380] DEFAULT (newid())
,  CONSTRAINT [SearchInfoID] PRIMARY KEY NONCLUSTERED ([SearchInfoID] ASC)
);"
dbo.SearchInfoExecuteLog,"CREATE TABLE [dbo].[SearchInfoExecuteLog] (

  [SearchInfoExecuteLogId] int IDENTITY(1,1) NOT NULL,
  [ReportId] int NOT NULL,
  [DateExecuted] datetime NOT NULL CONSTRAINT [DF__SearchInf__DateE__6B6FCE9C] DEFAULT (getdate()),
  [WhoExecutedPersonId] int NULL CONSTRAINT [DF__SearchInf__WhoEx__6C63F2D5] DEFAULT (NULL),
  [ExecutedFromContext] int NOT NULL CONSTRAINT [DF__SearchInf__Execu__6D58170E] DEFAULT ((0))
,  CONSTRAINT [PK__SearchIn__0E920744E92DBDED] PRIMARY KEY CLUSTERED ([SearchInfoExecuteLogId] ASC)
);"
dbo.SearchInfoLog,"CREATE TABLE [dbo].[SearchInfoLog] (

  [personID] int NOT NULL,
  [searchinfoid] int NOT NULL,
  [reportrundate] datetime NOT NULL CONSTRAINT [DF__SearchInf__repor__361CF0BD] DEFAULT (getdate())
);"
dbo.SearchPermissions,"CREATE TABLE [dbo].[SearchPermissions] (

  [SearchPermissionsID] int IDENTITY(1,1) NOT NULL,
  [searchInfoID] int NOT NULL CONSTRAINT [DF_SearchPermissions_searchInfoID] DEFAULT ((-1)),
  [groupID] int NOT NULL CONSTRAINT [DF_SearchPermissions_groupID] DEFAULT ((-1))
,  CONSTRAINT [PK_SearchPermissions] PRIMARY KEY CLUSTERED ([SearchPermissionsID] ASC)
);"
dbo.Seat,"CREATE TABLE [dbo].[Seat] (

  [PersonId] int NOT NULL,
  [ParentSeatGroupId] int NULL,
  [Campus] varchar(8000) NULL,
  [OrderNum] int NOT NULL CONSTRAINT [DF__Seat__OrderNum__31832429] DEFAULT ((0))
,  CONSTRAINT [PK__Seat__AA2FFBE5C734F540] PRIMARY KEY CLUSTERED ([PersonId] ASC)
);"
dbo.SeatGroup,"CREATE TABLE [dbo].[SeatGroup] (

  [SeatGroupId] int IDENTITY(1,1) NOT NULL,
  [SeatGroupTitle] varchar(500) NOT NULL CONSTRAINT [DF__SeatGroup__SeatG__2BCA4AD3] DEFAULT (''),
  [SeatGroupDescription] varchar(MAX) NOT NULL CONSTRAINT [DF__SeatGroup__SeatG__2CBE6F0C] DEFAULT (''),
  [IsActive] bit NOT NULL CONSTRAINT [DF__SeatGroup__IsAct__2DB29345] DEFAULT ((1)),
  [OrderNum] int NOT NULL CONSTRAINT [DF__SeatGroup__Order__2EA6B77E] DEFAULT ((0))
,  CONSTRAINT [PK__SeatGrou__9F0B97D5BFA1F550] PRIMARY KEY CLUSTERED ([SeatGroupId] ASC)
);"
dbo.Semester,"CREATE TABLE [dbo].[Semester] (

  [SemesterId] int IDENTITY(1,1) NOT NULL,
  [SemesterTitle] varchar(255) NOT NULL,
  [StartDate] datetime NOT NULL,
  [EndDate] datetime NOT NULL
,  CONSTRAINT [PK__Semester__043301DDDD54D2BA] PRIMARY KEY CLUSTERED ([SemesterId] ASC)
);"
dbo.ServiceProviderApplicationCourses,"CREATE TABLE [dbo].[ServiceProviderApplicationCourses] (

  [ServiceProviderApplicationCourseId] int IDENTITY(1,1) NOT NULL,
  [ServiceProviderApplicationId] int NOT NULL,
  [serviceprovidertype] int NOT NULL,
  [lucourseid] int NOT NULL,
  [registrationstatus] int NULL CONSTRAINT [DF__ServicePr__regis__5BED93EA] DEFAULT (NULL),
  [DateCancelled] datetime NULL CONSTRAINT [DF__ServicePr__DateC__377B294A] DEFAULT (NULL),
  [note] varbinary(8000) NULL CONSTRAINT [DF__ServicePro__note__17CD73C7] DEFAULT (NULL)
,  CONSTRAINT [PK__ServiceP__4001DA8967B177D6] PRIMARY KEY CLUSTERED ([ServiceProviderApplicationCourseId] ASC)
);"
dbo.ServiceProviderApplications,"CREATE TABLE [dbo].[ServiceProviderApplications] (

  [ServiceProviderApplicationId] int IDENTITY(1,1) NOT NULL,
  [ServiceProviderId] int NOT NULL,
  [serviceprovidertype] int NOT NULL,
  [note1] image NULL CONSTRAINT [DF__ServicePr__note1__5ECA0095] DEFAULT (NULL),
  [note2] image NULL CONSTRAINT [DF__ServicePr__note2__5FBE24CE] DEFAULT (NULL),
  [dateentered] datetime NULL CONSTRAINT [DF__ServicePr__datee__60B24907] DEFAULT (getdate()),
  [whoentered] int NULL CONSTRAINT [DF__ServicePr__whoen__61A66D40] DEFAULT (NULL),
  [ispermanent] int NULL CONSTRAINT [DF__ServicePr__isper__629A9179] DEFAULT (NULL),
  [isactive] bit NULL CONSTRAINT [DF__ServicePr__isact__638EB5B2] DEFAULT ((1)),
  [isactivecomment] image NULL CONSTRAINT [DF__ServicePr__isact__6482D9EB] DEFAULT (NULL),
  [dateentered2] datetime NULL CONSTRAINT [DF__ServicePr__datee__7D4E87B5] DEFAULT (getdate()),
  [rateofpay] float NOT NULL CONSTRAINT [DF__ServicePr__rateo__0B9CA70C] DEFAULT ((0)),
  [rateofpaytype] int NOT NULL CONSTRAINT [DF__ServicePr__rateo__0C90CB45] DEFAULT ((0)),
  [status] int NULL CONSTRAINT [DF__ServicePr__statu__02883E1E] DEFAULT (NULL)
,  CONSTRAINT [PK__ServiceP__51F913EC20E1D2D7] PRIMARY KEY CLUSTERED ([ServiceProviderApplicationId] ASC)
);"
dbo.ServiceProviderApplicationStatusLookup,"CREATE TABLE [dbo].[ServiceProviderApplicationStatusLookup] (

  [ServiceProviderApplicationStatusLookupId] int IDENTITY(1,1) NOT NULL,
  [title] varchar(256) NOT NULL CONSTRAINT [DF__ServicePr__title__7FABD173] DEFAULT (''),
  [isactive] bit NOT NULL CONSTRAINT [DF__ServicePr__isact__009FF5AC] DEFAULT ((1)),
  [ordernum] int NOT NULL CONSTRAINT [DF__ServicePr__order__019419E5] DEFAULT ((0))
,  CONSTRAINT [PK__ServiceP__29BB25581B3A805B] PRIMARY KEY CLUSTERED ([ServiceProviderApplicationStatusLookupId] ASC)
);"
dbo.ServiceProviderAvailability,"CREATE TABLE [dbo].[ServiceProviderAvailability] (

  [ServiceProviderAvailabilityId] int IDENTITY(1,1) NOT NULL,
  [ServiceProviderApplicationId] int NOT NULL,
  [ServiceProviderApplicationCourseId] int NULL CONSTRAINT [DF__ServicePr__Servi__48DABF76] DEFAULT (NULL),
  [startdate] datetime NULL,
  [enddate] datetime NULL,
  [sunstartminutes] int NULL CONSTRAINT [DF__ServicePr__sunst__49CEE3AF] DEFAULT ((0)),
  [sunendminutes] int NULL CONSTRAINT [DF__ServicePr__sunen__4AC307E8] DEFAULT ((0)),
  [monstartminutes] int NULL CONSTRAINT [DF__ServicePr__monst__4BB72C21] DEFAULT ((0)),
  [monendminutes] int NULL CONSTRAINT [DF__ServicePr__monen__4CAB505A] DEFAULT ((0)),
  [tuestartminutes] int NULL CONSTRAINT [DF__ServicePr__tuest__4D9F7493] DEFAULT ((0)),
  [tueendminutes] int NULL CONSTRAINT [DF__ServicePr__tueen__4E9398CC] DEFAULT ((0)),
  [wedstartminutes] int NULL CONSTRAINT [DF__ServicePr__wedst__4F87BD05] DEFAULT ((0)),
  [wedendminutes] int NULL CONSTRAINT [DF__ServicePr__weden__507BE13E] DEFAULT ((0)),
  [thustartminutes] int NULL CONSTRAINT [DF__ServicePr__thust__51700577] DEFAULT ((0)),
  [thuendminutes] int NULL CONSTRAINT [DF__ServicePr__thuen__526429B0] DEFAULT ((0)),
  [fristartminutes] int NULL CONSTRAINT [DF__ServicePr__frist__53584DE9] DEFAULT ((0)),
  [friendminutes] int NULL CONSTRAINT [DF__ServicePr__frien__544C7222] DEFAULT ((0)),
  [satstartminutes] int NULL CONSTRAINT [DF__ServicePr__satst__5540965B] DEFAULT ((0)),
  [satendminutes] int NULL CONSTRAINT [DF__ServicePr__saten__5634BA94] DEFAULT ((0)),
  [isactive] bit NULL CONSTRAINT [DF__ServicePr__isact__5728DECD] DEFAULT ((1)),
  [dateentered] datetime NULL CONSTRAINT [DF__ServicePr__datee__581D0306] DEFAULT (getdate()),
  [whoentered] int NULL CONSTRAINT [DF__ServicePr__whoen__5911273F] DEFAULT (NULL)
,  CONSTRAINT [PK__ServiceP__726586FDB2B9BE7C] PRIMARY KEY CLUSTERED ([ServiceProviderAvailabilityId] ASC)
);"
dbo.ServiceProviderNotes,"CREATE TABLE [dbo].[ServiceProviderNotes] (

  [serviceprovidernotesid] int IDENTITY(1,1) NOT NULL,
  [serviceproviderid] int NULL CONSTRAINT [DF__ServicePr__servi__3C3FDE67] DEFAULT (NULL),
  [personid] int NULL CONSTRAINT [DF__ServicePr__perso__3D3402A0] DEFAULT (NULL),
  [instructorid] int NULL CONSTRAINT [DF__ServicePr__instr__3E2826D9] DEFAULT (NULL),
  [lucourseid] int NULL CONSTRAINT [DF__ServicePr__lucou__3F1C4B12] DEFAULT (NULL),
  [serviceproviderapplicationcourseid] int NULL CONSTRAINT [DF__ServicePr__servi__40106F4B] DEFAULT (NULL),
  [serviceproviderrequestid] int NULL CONSTRAINT [DF__ServicePr__servi__41049384] DEFAULT (NULL),
  [whoadded] int NULL CONSTRAINT [DF__ServicePr__whoad__41F8B7BD] DEFAULT (NULL),
  [dateadded] datetime NULL CONSTRAINT [DF__ServicePr__datea__42ECDBF6] DEFAULT (getdate()),
  [wholastmodified] int NULL CONSTRAINT [DF__ServicePr__whola__43E1002F] DEFAULT (NULL),
  [datelastmodified] datetime NULL CONSTRAINT [DF__ServicePr__datel__44D52468] DEFAULT (NULL),
  [notes] image NULL
,  CONSTRAINT [PK__ServiceP__8A5B812960E5A847] PRIMARY KEY CLUSTERED ([serviceprovidernotesid] ASC)
);"
dbo.ServiceProviderRequestDetail,"CREATE TABLE [dbo].[ServiceProviderRequestDetail] (

  [ServiceProviderRequestDetailId] int IDENTITY(1,1) NOT NULL,
  [CounsellorPid] int NULL,
  [rationale] image NULL CONSTRAINT [DF__ServicePr__ratio__02133CD2] DEFAULT (NULL),
  [specialrequest] varbinary(8000) NULL CONSTRAINT [DF__ServicePr__speci__0307610B] DEFAULT (NULL),
  [plan] image NULL,
  [fsBSWD] bit NULL,
  [fsOsapStatus] int NULL CONSTRAINT [DF__ServicePr__fsOsa__03FB8544] DEFAULT (NULL),
  [fsWSIB] bit NULL,
  [fsWSIBLetterOfApprovalFilename] varchar(5000) NULL,
  [fsWSIBLetterOfApprovalFile] image NULL CONSTRAINT [DF__ServicePr__fsWSI__04EFA97D] DEFAULT (NULL),
  [fsWSIBCaseWorkerPhone] varbinary(3000) NULL,
  [fsFirstNations] bit NULL,
  [fsFirstNationsLetterOfApprovalFilename] varchar(5000) NULL,
  [fsFirstNationsLetterOfApprovalFile] image NULL CONSTRAINT [DF__ServicePr__fsFir__05E3CDB6] DEFAULT (NULL),
  [fsFirstNationsCaseWorkerPhone] varbinary(3000) NULL,
  [fsInterpreterFund] bit NULL,
  [fsInterpreterFundCode] int NULL,
  [fsOther] bit NULL,
  [fsOtherDetail] image NULL,
  [fsBSWDStatus] int NULL CONSTRAINT [DF__ServicePr__fsBSW__06D7F1EF] DEFAULT (NULL),
  [fsWSIBStatus] int NULL CONSTRAINT [DF__ServicePr__fsWSI__07CC1628] DEFAULT (NULL),
  [fsFirstNationsStatus] int NULL CONSTRAINT [DF__ServicePr__fsFir__08C03A61] DEFAULT (NULL),
  [fsInterpreterFundStatus] int NULL CONSTRAINT [DF__ServicePr__fsInt__09B45E9A] DEFAULT (NULL),
  [fsOtherStatus] int NULL CONSTRAINT [DF__ServicePr__fsOth__0AA882D3] DEFAULT (NULL),
  [fsOtherFile] image NULL CONSTRAINT [DF__ServicePr__fsOth__3B16B004] DEFAULT (NULL),
  [dateentered2] datetime NOT NULL CONSTRAINT [DF__ServicePr__datee__3C0AD43D] DEFAULT (getdate()),
  [fsSsd] bit NOT NULL CONSTRAINT [DF__ServicePr__fsSsd__3CFEF876] DEFAULT ((0)),
  [fsSsdStatus] int NULL CONSTRAINT [DF__ServicePr__fsSsd__3DF31CAF] DEFAULT (NULL),
  [fsOtherFilename] varchar(5000) NULL CONSTRAINT [DF__ServicePr__fsOth__5AAF56EE] DEFAULT (NULL)
,  CONSTRAINT [PK__ServiceP__2F30EC2D23DF05AE] PRIMARY KEY CLUSTERED ([ServiceProviderRequestDetailId] ASC)
);"
dbo.ServiceProviderRequests,"CREATE TABLE [dbo].[ServiceProviderRequests] (

  [ServiceProviderRequestID] int IDENTITY(1,1) NOT NULL,
  [personid] int NOT NULL,
  [lucourseid] int NULL CONSTRAINT [DF__ServicePr__lucou__72D0F942] DEFAULT (NULL),
  [datetimerequesttitle] varchar(255) NULL CONSTRAINT [DF__ServicePr__datet__73C51D7B] DEFAULT (NULL),
  [startdatetimerequest] datetime NULL CONSTRAINT [DF__ServicePr__start__74B941B4] DEFAULT (NULL),
  [enddatetimerequest] datetime NULL CONSTRAINT [DF__ServicePr__endda__75AD65ED] DEFAULT (NULL),
  [serviceprovidertype] int NOT NULL,
  [dateentered] datetime NULL CONSTRAINT [DF__ServicePr__datee__76A18A26] DEFAULT (getdate()),
  [startdate] datetime NULL CONSTRAINT [DF__ServicePr__start__7795AE5F] DEFAULT (getdate()),
  [enddate] datetime NULL CONSTRAINT [DF__ServicePr__endda__7889D298] DEFAULT (getdate()),
  [whoentered] int NULL CONSTRAINT [DF__ServicePr__whoen__797DF6D1] DEFAULT (NULL),
  [ServiceProviderId] int NULL CONSTRAINT [DF__ServicePr__Servi__7A721B0A] DEFAULT (NULL),
  [ServiceProviderRequestDetailId] int NULL CONSTRAINT [DF__ServicePr__Servi__7B663F43] DEFAULT (NULL),
  [notes] image NULL CONSTRAINT [DF__ServicePr__notes__7C5A637C] DEFAULT (NULL),
  [studentrequested] bit NULL CONSTRAINT [DF__ServicePr__stude__7E42ABEE] DEFAULT ((0)),
  [studentrequestedcancelnote] varbinary(8000) NULL CONSTRAINT [DF__ServicePr__stude__7F36D027] DEFAULT (NULL),
  [DateAssigned] datetime NULL CONSTRAINT [DF__ServicePr__DateA__386F4D83] DEFAULT (NULL),
  [SpecialInstructions] image NULL CONSTRAINT [DF__ServicePr__Speci__396371BC] DEFAULT (NULL),
  [partsgroupid] int NULL CONSTRAINT [DF__ServicePr__parts__392E6792] DEFAULT (NULL),
  [partsdescription] varchar(8000) NULL CONSTRAINT [DF__ServicePr__parts__3A228BCB] DEFAULT (''),
  [serviceproviderlucourseid] int NULL CONSTRAINT [DF__ServicePr__servi__7266E4EE] DEFAULT (NULL),
  [IsActive] bit NOT NULL CONSTRAINT [DF__ServicePr__IsAct__524F1B17] DEFAULT ((1)),
  [dateinserted] datetime NULL CONSTRAINT [DF__ServicePr__datei__6C98FCFF] DEFAULT (getdate())
,  CONSTRAINT [PK__ServiceP__5E1EA1597018CF54] PRIMARY KEY CLUSTERED ([ServiceProviderRequestID] ASC)
);"
dbo.serviceproviderrequestshistory,"CREATE TABLE [dbo].[serviceproviderrequestshistory] (

  [serviceproviderrequesthistoryid] int IDENTITY(1,1) NOT NULL,
  [ServiceProviderRequestID] int NOT NULL,
  [personid] int NOT NULL,
  [lucourseid] int NULL CONSTRAINT [DF__servicepr__lucou__75435199] DEFAULT (NULL),
  [datetimerequesttitle] varchar(255) NULL CONSTRAINT [DF__servicepr__datet__763775D2] DEFAULT (NULL),
  [startdatetimerequest] datetime NULL CONSTRAINT [DF__servicepr__start__772B9A0B] DEFAULT (NULL),
  [enddatetimerequest] datetime NULL CONSTRAINT [DF__servicepr__endda__781FBE44] DEFAULT (NULL),
  [serviceprovidertype] int NOT NULL,
  [dateentered] datetime NULL CONSTRAINT [DF__servicepr__datee__7913E27D] DEFAULT (getdate()),
  [startdate] datetime NULL CONSTRAINT [DF__servicepr__start__7A0806B6] DEFAULT (getdate()),
  [enddate] datetime NULL CONSTRAINT [DF__servicepr__endda__7AFC2AEF] DEFAULT (getdate()),
  [whoentered] int NULL CONSTRAINT [DF__servicepr__whoen__7BF04F28] DEFAULT (NULL),
  [ServiceProviderId] int NULL CONSTRAINT [DF__servicepr__Servi__7CE47361] DEFAULT (NULL),
  [ServiceProviderRequestDetailId] int NULL CONSTRAINT [DF__servicepr__Servi__7DD8979A] DEFAULT (NULL),
  [notes] image NULL CONSTRAINT [DF__servicepr__notes__7ECCBBD3] DEFAULT (NULL),
  [studentrequested] bit NULL CONSTRAINT [DF__servicepr__stude__7FC0E00C] DEFAULT ((0)),
  [studentrequestedcancelnote] varbinary(MAX) NULL CONSTRAINT [DF__servicepr__stude__00B50445] DEFAULT (NULL),
  [DateAssigned] datetime NULL CONSTRAINT [DF__servicepr__DateA__01A9287E] DEFAULT (NULL),
  [SpecialInstructions] image NULL CONSTRAINT [DF__servicepr__Speci__029D4CB7] DEFAULT (NULL),
  [partsgroupid] int NULL CONSTRAINT [DF__servicepr__parts__039170F0] DEFAULT (NULL),
  [partsdescription] varchar(8000) NULL CONSTRAINT [DF__servicepr__parts__04859529] DEFAULT (''),
  [fsOtherFile] image NULL CONSTRAINT [DF__servicepr__fsOth__0579B962] DEFAULT (NULL),
  [serviceproviderlucourseid] int NULL CONSTRAINT [DF__servicepr__servi__066DDD9B] DEFAULT (NULL),
  [stillactive] bit NOT NULL CONSTRAINT [DF__servicepr__still__076201D4] DEFAULT ((0))
,  CONSTRAINT [PK__servicep__32A1BD798273E444] PRIMARY KEY CLUSTERED ([serviceproviderrequesthistoryid] ASC)
);"
dbo.ServiceProviders,"CREATE TABLE [dbo].[ServiceProviders] (

  [ServiceProviderId] int IDENTITY(1,1) NOT NULL,
  [firstname] varbinary(2000) NOT NULL,
  [middlename] varbinary(2000) NULL CONSTRAINT [DF__ServicePr__middl__675F4696] DEFAULT (NULL),
  [lastname] varbinary(2000) NOT NULL,
  [student_no] varbinary(2000) NOT NULL,
  [altid] varbinary(2000) NULL CONSTRAINT [DF__ServicePr__altid__68536ACF] DEFAULT (NULL),
  [additionalservices] varbinary(8000) NULL CONSTRAINT [DF__ServicePr__addit__69478F08] DEFAULT (NULL),
  [specialization] varbinary(8000) NULL CONSTRAINT [DF__ServicePr__speci__6A3BB341] DEFAULT (NULL),
  [notes1] image NULL CONSTRAINT [DF__ServicePr__notes__6B2FD77A] DEFAULT (NULL),
  [notes2] image NULL CONSTRAINT [DF__ServicePr__notes__6C23FBB3] DEFAULT (NULL),
  [email] varbinary(8000) NOT NULL,
  [phone1] varbinary(8000) NOT NULL,
  [phone2] varbinary(8000) NOT NULL,
  [phonenote] varbinary(8000) NOT NULL,
  [address] image NOT NULL,
  [dateentered] datetime NULL CONSTRAINT [DF__ServicePr__datee__6D181FEC] DEFAULT (getdate()),
  [whoentered] int NULL CONSTRAINT [DF__ServicePr__whoen__6E0C4425] DEFAULT (NULL),
  [isactive] bit NULL CONSTRAINT [DF__ServicePr__isact__6F00685E] DEFAULT ((1)),
  [isactivenote] image NULL CONSTRAINT [DF__ServicePr__isact__6FF48C97] DEFAULT (NULL),
  [address2] varbinary(8000) NULL CONSTRAINT [DF__ServicePr__addre__6596F9B5] DEFAULT (NULL),
  [email2] varbinary(8000) NULL CONSTRAINT [DF__ServicePr__email__668B1DEE] DEFAULT (NULL),
  [addressactive] bit NOT NULL CONSTRAINT [DF__ServicePr__addre__677F4227] DEFAULT ((1)),
  [address2active] bit NOT NULL CONSTRAINT [DF__ServicePr__addre__68736660] DEFAULT ((1)),
  [Nickname] varbinary(8000) NULL CONSTRAINT [DF__ServicePr__Nickn__037C6257] DEFAULT (NULL),
  [RegistrationComplete] bit NOT NULL CONSTRAINT [DF__ServicePr__Regis__04708690] DEFAULT ((0))
,  CONSTRAINT [PK__ServiceP__5AD428931AA6745B] PRIMARY KEY CLUSTERED ([ServiceProviderId] ASC)
);"
dbo.ServiceProviderType,"CREATE TABLE [dbo].[ServiceProviderType] (

  [ServiceProviderTypeId] int IDENTITY(1,1) NOT NULL,
  [description] varchar(8000) NULL CONSTRAINT [DF__ServicePr__descr__448B0BA5] DEFAULT (''),
  [isactive] bit NULL CONSTRAINT [DF__ServicePr__isact__457F2FDE] DEFAULT ((1))
,  CONSTRAINT [PK__ServiceP__9C7DDB4EB2C27CD5] PRIMARY KEY CLUSTERED ([ServiceProviderTypeId] ASC)
);"
dbo.Settings,"CREATE TABLE [dbo].[Settings] (

  [SettingID] int IDENTITY(1,1) NOT NULL,
  [personID] int NOT NULL,
  [settingCode] int NOT NULL,
  [settingValue] int NOT NULL CONSTRAINT [DF_Settings_settingValue] DEFAULT ((0)),
  [settingStringValue] varchar(8000) NOT NULL CONSTRAINT [DF_Settings_settingStringValue] DEFAULT ('')
,  CONSTRAINT [PK_Settings] PRIMARY KEY CLUSTERED ([SettingID] ASC)
);"
dbo.SettingsGroups,"CREATE TABLE [dbo].[SettingsGroups] (

  [SettingGroupID] int IDENTITY(1,1) NOT NULL,
  [groupID] int NOT NULL,
  [settingCode] int NOT NULL,
  [settingValue] int NOT NULL CONSTRAINT [DF_SettingsGroups_settingValue] DEFAULT ((0)),
  [settingStringValue] varchar(MAX) NOT NULL CONSTRAINT [DF_SettingsGroups_settingStringValue] DEFAULT ('')
,  CONSTRAINT [PK_SettingsGroups] PRIMARY KEY CLUSTERED ([SettingGroupID] ASC)
);"
dbo.SettingsGroupsOnline,"CREATE TABLE [dbo].[SettingsGroupsOnline] (

  [groupid] int NOT NULL,
  [onlinemoduleid] int NOT NULL CONSTRAINT [DF__SettingsG__onlin__5D95E53A] DEFAULT ((1)),
  [settingcode] int NOT NULL,
  [settingValue] int NOT NULL CONSTRAINT [DF__SettingsG__setti__5E8A0973] DEFAULT ((-1)),
  [settingStringValue] text NOT NULL CONSTRAINT [DF__SettingsG__setti__5F7E2DAC] DEFAULT ('')
,  CONSTRAINT [PK__Settings__9369FCA26185A45E] PRIMARY KEY CLUSTERED ([groupid] ASC,[onlinemoduleid] ASC,[settingcode] ASC)
);"
dbo.SettingsOnline,"CREATE TABLE [dbo].[SettingsOnline] (

  [personid] int NOT NULL,
  [onlinemoduleid] int NOT NULL CONSTRAINT [DF__SettingsO__onlin__57DD0BE4] DEFAULT ((1)),
  [settingcode] int NOT NULL,
  [settingValue] int NOT NULL CONSTRAINT [DF__SettingsO__setti__58D1301D] DEFAULT ((-1)),
  [settingStringValue] text NOT NULL CONSTRAINT [DF__SettingsO__setti__59C55456] DEFAULT ('')
,  CONSTRAINT [PK__Settings__F7D1925202169CF2] PRIMARY KEY CLUSTERED ([personid] ASC,[onlinemoduleid] ASC,[settingcode] ASC)
);"
dbo.SOnlineComputers,"CREATE TABLE [dbo].[SOnlineComputers] (

  [OnlineComputersID] int IDENTITY(1,1) NOT NULL,
  [ComputerName] char(20) NOT NULL,
  [UserID] int NOT NULL,
  [IPAddress] char(15) NOT NULL,
  [Port] int NOT NULL,
  [IsOnline] bit NOT NULL,
  [SerialNum] char(25) NULL,
  [DateConnected] datetime NOT NULL
,  CONSTRAINT [PK_SOnlineComputers] PRIMARY KEY CLUSTERED ([OnlineComputersID] ASC)
);"
dbo.StaffMessages,"CREATE TABLE [dbo].[StaffMessages] (

  [StaffMessageId] int IDENTITY(1,1) NOT NULL,
  [dateentered] datetime NOT NULL CONSTRAINT [DF__StaffMess__datee__5D36BDDE] DEFAULT (getdate()),
  [whoentered] int NULL CONSTRAINT [DF__StaffMess__whoen__5E2AE217] DEFAULT (NULL),
  [isactive] bit NOT NULL CONSTRAINT [DF__StaffMess__isact__5F1F0650] DEFAULT ((1)),
  [groupid] int NULL CONSTRAINT [DF__StaffMess__group__60132A89] DEFAULT (NULL),
  [startdate] datetime NOT NULL CONSTRAINT [DF__StaffMess__start__61074EC2] DEFAULT (getdate()),
  [enddate] datetime NULL CONSTRAINT [DF__StaffMess__endda__61FB72FB] DEFAULT (NULL),
  [title] varchar(MAX) NOT NULL CONSTRAINT [DF__StaffMess__title__62EF9734] DEFAULT (''),
  [msg] varbinary(MAX) NOT NULL
,  CONSTRAINT [PK__StaffMes__CB89564B3B348868] PRIMARY KEY CLUSTERED ([StaffMessageId] ASC)
);"
dbo.Student_ConfidentialityAgreement,"CREATE TABLE [dbo].[Student_ConfidentialityAgreement] (

  [StudentConfidentialityAgreementId] int IDENTITY(1,1) NOT NULL,
  [PersonId] int NOT NULL,
  [SignedConfidentialityAgreementOn] datetime NOT NULL CONSTRAINT [DF_Student_ConfidentilityAgreement_SignedConfidentialityAgreementOn] DEFAULT (getdate()),
  [ModuleName] varchar(500) NOT NULL
,  CONSTRAINT [PK_AlternativeFormat_StudentConfidentilityAgreement_1] PRIMARY KEY CLUSTERED ([StudentConfidentialityAgreementId] ASC)
);"
dbo.StudentCourseAccommodationModificationRequestItem,"CREATE TABLE [dbo].[StudentCourseAccommodationModificationRequestItem] (

  [StudentCourseAccommodationModificationRequestItemId] int IDENTITY(1,1) NOT NULL,
  [StudentCourseAccommodationRequestId] int NOT NULL CONSTRAINT [DF__StudentCo__Stude__521A10ED] DEFAULT ((0)),
  [controlid] int NULL CONSTRAINT [DF__StudentCo__contr__530E3526] DEFAULT (NULL),
  [modificationtype] int NOT NULL CONSTRAINT [DF__StudentCo__modif__5402595F] DEFAULT ((0)),
  [note1] varbinary(MAX) NULL CONSTRAINT [DF__StudentCo__note1__54F67D98] DEFAULT (NULL),
  [note2] varbinary(MAX) NULL CONSTRAINT [DF__StudentCo__note2__55EAA1D1] DEFAULT (NULL),
  [WhoEnteredPersonId] int NOT NULL CONSTRAINT [DF__StudentCo__WhoEn__56DEC60A] DEFAULT ((0)),
  [DateEntered] datetime NOT NULL CONSTRAINT [DF__StudentCo__DateE__57D2EA43] DEFAULT (getdate()),
  [Status] int NOT NULL CONSTRAINT [DF__StudentCo__Statu__58C70E7C] DEFAULT ((0))
,  CONSTRAINT [PK__StudentC__893765EB7F3C6E3F] PRIMARY KEY CLUSTERED ([StudentCourseAccommodationModificationRequestItemId] ASC)
);"
dbo.StudentCourseAccommodationRequest,"CREATE TABLE [dbo].[StudentCourseAccommodationRequest] (

  [StudentCourseAccommodationRequestId] int IDENTITY(1,1) NOT NULL,
  [personid] int NOT NULL CONSTRAINT [DF__StudentCo__perso__43CBF196] DEFAULT ((0)),
  [lucourseid] int NOT NULL CONSTRAINT [DF__StudentCo__lucou__44C015CF] DEFAULT ((0)),
  [status] int NOT NULL CONSTRAINT [DF__StudentCo__statu__45B43A08] DEFAULT ((0)),
  [daterequested] datetime NOT NULL CONSTRAINT [DF__StudentCo__dater__46A85E41] DEFAULT (getdate()),
  [AccommodationChangesRequested] bit NOT NULL CONSTRAINT [DF__StudentCo__Accom__479C827A] DEFAULT ((0)),
  [AdditionalAccommodationsRequested] bit NOT NULL CONSTRAINT [DF__StudentCo__Addit__4890A6B3] DEFAULT ((0)),
  [WhoApprovedPersonId] int NULL CONSTRAINT [DF__StudentCo__WhoAp__4984CAEC] DEFAULT (NULL),
  [DateApproved] datetime NULL CONSTRAINT [DF__StudentCo__DateA__4A78EF25] DEFAULT (NULL),
  [WhoEnteredPersonId] int NOT NULL CONSTRAINT [DF__StudentCo__WhoEn__4B6D135E] DEFAULT ((0)),
  [DateEntered] datetime NOT NULL CONSTRAINT [DF__StudentCo__DateE__4C613797] DEFAULT (getdate()),
  [Note1] varbinary(MAX) NULL CONSTRAINT [DF__StudentCo__Note1__4D555BD0] DEFAULT (NULL),
  [Note2] varbinary(MAX) NULL CONSTRAINT [DF__StudentCo__Note2__4E498009] DEFAULT (NULL),
  [isactive] bit NOT NULL CONSTRAINT [DF__StudentCo__isact__4F3DA442] DEFAULT ((1))
,  CONSTRAINT [PK__StudentC__A9E2449F692A00C7] PRIMARY KEY CLUSTERED ([StudentCourseAccommodationRequestId] ASC)
);"
dbo.StudentFileTasks_completed,"CREATE TABLE [dbo].[StudentFileTasks_completed] (

  [completedid] int IDENTITY(1,1) NOT NULL,
  [title] varchar(5000) NOT NULL CONSTRAINT [DF__StudentFi__title__79E80B25] DEFAULT (''),
  [meanscomplete] bit NOT NULL CONSTRAINT [DF__StudentFi__means__7ADC2F5E] DEFAULT ((0)),
  [description] text NOT NULL CONSTRAINT [DF__StudentFi__descr__7BD05397] DEFAULT (''),
  [colour] int NULL CONSTRAINT [DF__StudentFi__colou__7CC477D0] DEFAULT (NULL),
  [imageindex] int NOT NULL CONSTRAINT [DF__StudentFi__image__7DB89C09] DEFAULT ((-1)),
  [isactive] bit NOT NULL CONSTRAINT [DF__StudentFi__isact__7EACC042] DEFAULT ((1)),
  [isdefault] bit NOT NULL CONSTRAINT [DF__StudentFi__isdef__7FA0E47B] DEFAULT ((0))
,  CONSTRAINT [PK__StudentF__0BF4AC63F7ABD6DD] PRIMARY KEY CLUSTERED ([completedid] ASC)
);"
dbo.StudentFileTasks_note,"CREATE TABLE [dbo].[StudentFileTasks_note] (

  [noteid] int IDENTITY(1,1) NOT NULL,
  [personid] int NULL CONSTRAINT [DF__StudentFi__perso__0371755F] DEFAULT (NULL),
  [dateadded] datetime NULL CONSTRAINT [DF__StudentFi__datea__04659998] DEFAULT (getdate()),
  [datelastmodified] datetime NULL CONSTRAINT [DF__StudentFi__datel__0559BDD1] DEFAULT (getdate()),
  [whoadded] int NULL CONSTRAINT [DF__StudentFi__whoad__064DE20A] DEFAULT (NULL),
  [wholastmodified] int NULL CONSTRAINT [DF__StudentFi__whola__07420643] DEFAULT (NULL),
  [notegroup] varchar(5000) NOT NULL CONSTRAINT [DF__StudentFi__noteg__08362A7C] DEFAULT (''),
  [notedescription] varchar(5000) NOT NULL CONSTRAINT [DF__StudentFi__noted__092A4EB5] DEFAULT (''),
  [staffnotes] image NULL
,  CONSTRAINT [PK__StudentF__03CA6A758A6B95B3] PRIMARY KEY CLUSTERED ([noteid] ASC)
);"
dbo.StudentFileTasks_task,"CREATE TABLE [dbo].[StudentFileTasks_task] (

  [taskid] int IDENTITY(1,1) NOT NULL,
  [personid] int NULL CONSTRAINT [DF__StudentFi__perso__6E765879] DEFAULT (NULL),
  [whoresponsiblecode] int NULL CONSTRAINT [DF__StudentFi__whore__6F6A7CB2] DEFAULT ((0)),
  [dateadded] datetime NULL CONSTRAINT [DF__StudentFi__datea__705EA0EB] DEFAULT (getdate()),
  [datelastmodified] datetime NULL CONSTRAINT [DF__StudentFi__datel__7152C524] DEFAULT (getdate()),
  [whoadded] int NULL CONSTRAINT [DF__StudentFi__whoad__7246E95D] DEFAULT (NULL),
  [wholastmodified] int NULL CONSTRAINT [DF__StudentFi__whola__733B0D96] DEFAULT (NULL),
  [group] varchar(5000) NOT NULL CONSTRAINT [DF__StudentFi__group__742F31CF] DEFAULT (''),
  [description] varchar(5000) NOT NULL CONSTRAINT [DF__StudentFi__descr__75235608] DEFAULT (''),
  [completedid] int NULL CONSTRAINT [DF__StudentFi__compl__76177A41] DEFAULT ((0)),
  [staffnotes] image NULL,
  [studentnotes] image NULL,
  [ordernum] int NOT NULL CONSTRAINT [DF__StudentFi__order__770B9E7A] DEFAULT ((0))
,  CONSTRAINT [PK__StudentF__DD5E468A1CF24D9F] PRIMARY KEY CLUSTERED ([taskid] ASC)
);"
dbo.Survey,"CREATE TABLE [dbo].[Survey] (

  [SurveyId] int IDENTITY(1,1) NOT NULL,
  [Title] varchar(8000) NOT NULL CONSTRAINT [DF__Survey__Title__61915EA7] DEFAULT (''),
  [Description] varchar(MAX) NOT NULL CONSTRAINT [DF__Survey__Descript__628582E0] DEFAULT (''),
  [FormNum] int NOT NULL CONSTRAINT [DF__Survey__FormNum__6379A719] DEFAULT ((0)),
  [UseWizard] bit NOT NULL CONSTRAINT [DF__Survey__UseWizar__646DCB52] DEFAULT ((0)),
  [SubmitMessage] varchar(MAX) NOT NULL CONSTRAINT [DF__Survey__SubmitMe__6561EF8B] DEFAULT (''),
  [SubmitButtonText] varchar(256) NOT NULL CONSTRAINT [DF__Survey__SubmitBu__665613C4] DEFAULT (''),
  [ShortCode] varchar(256) NOT NULL CONSTRAINT [DF__Survey__ShortCod__674A37FD] DEFAULT (''),
  [startdate] datetime NULL CONSTRAINT [DF__Survey__startdat__683E5C36] DEFAULT (NULL),
  [enddate] datetime NULL CONSTRAINT [DF__Survey__enddate__6932806F] DEFAULT (NULL),
  [requireslogin] bit NOT NULL CONSTRAINT [DF__Survey__requires__6A26A4A8] DEFAULT ((0)),
  [captcha] int NOT NULL CONSTRAINT [DF__Survey__captcha__6B1AC8E1] DEFAULT ((0)),
  [emailconfirmationtemplate] varchar(MAX) NOT NULL CONSTRAINT [DF__Survey__emailcon__6C0EED1A] DEFAULT (''),
  [RestrictToGroupId] int NULL CONSTRAINT [DF__Survey__Restrict__6D031153] DEFAULT (NULL),
  [isdeleted] bit NOT NULL CONSTRAINT [DF__Survey__isdelete__6DF7358C] DEFAULT ((1)),
  [isdisabled] bit NOT NULL CONSTRAINT [DF__Survey__isdisabl__6EEB59C5] DEFAULT ((1)),
  [whocreated] int NULL CONSTRAINT [DF__Survey__whocreat__6FDF7DFE] DEFAULT (NULL),
  [wholastmodified] int NULL CONSTRAINT [DF__Survey__wholastm__70D3A237] DEFAULT (NULL),
  [datecreated] datetime NULL CONSTRAINT [DF__Survey__datecrea__71C7C670] DEFAULT (getdate()),
  [datelastmodified] datetime NULL CONSTRAINT [DF__Survey__datelast__72BBEAA9] DEFAULT (NULL),
  [studentemailconfirmationtemplateid] int NULL CONSTRAINT [DF__Survey__studente__709F6364] DEFAULT (NULL),
  [staffemailconfirmationtemplateid] int NULL CONSTRAINT [DF__Survey__staffema__7193879D] DEFAULT (NULL),
  [canonlybefilledinonce] bit NOT NULL CONSTRAINT [DF__Survey__canonlyb__7287ABD6] DEFAULT ((0))
,  CONSTRAINT [PK__Survey__A5481F7DFDF308A7] PRIMARY KEY CLUSTERED ([SurveyId] ASC)
);"
dbo.TaskClients,"CREATE TABLE [dbo].[TaskClients] (

  [TaskClientId] int IDENTITY(1,1) NOT NULL,
  [TaskId] int NOT NULL,
  [personid] int NOT NULL,
  [notes] image NULL
,  CONSTRAINT [PK__TaskClie__8FBB1473F4857253] PRIMARY KEY CLUSTERED ([TaskClientId] ASC)
);"
dbo.TaskGroups,"CREATE TABLE [dbo].[TaskGroups] (

  [TaskGroupID] int IDENTITY(1,1) NOT NULL,
  [personID] int NOT NULL CONSTRAINT [DF_TaskGroups_personID] DEFAULT ((-1)),
  [TaskGroupDescription] varchar(100) NOT NULL CONSTRAINT [DF_TaskGroups_TaskGroupDescription] DEFAULT (''),
  [orderNum] int NOT NULL CONSTRAINT [DF_TaskGroups_orderNum] DEFAULT ((0)),
  [IsActive] bit NOT NULL CONSTRAINT [DF__TaskGroup__IsAct__1E9A6CE7] DEFAULT ((1)),
  [IsPrivate] bit NOT NULL CONSTRAINT [DF__TaskGroup__IsPri__385A3EEA] DEFAULT ((0)),
  [ownerpersonid] int NULL CONSTRAINT [DF__TaskGroup__owner__394E6323] DEFAULT (NULL),
  [ParentTaskGroupId] int NULL CONSTRAINT [DF__TaskGroup__Paren__3A42875C] DEFAULT (NULL)
,  CONSTRAINT [PK_TaskGroups] PRIMARY KEY CLUSTERED ([TaskGroupID] ASC)
);"
dbo.TaskNotes,"CREATE TABLE [dbo].[TaskNotes] (

  [TaskNoteId] int IDENTITY(1,1) NOT NULL,
  [TaskId] int NOT NULL,
  [whoentered] int NOT NULL,
  [dateentered] datetime NOT NULL CONSTRAINT [DF__TaskNotes__datee__2A0C1F93] DEFAULT (getdate()),
  [wholastmodified] int NULL CONSTRAINT [DF__TaskNotes__whola__2B0043CC] DEFAULT (NULL),
  [datelastmodified] datetime NOT NULL CONSTRAINT [DF__TaskNotes__datel__2BF46805] DEFAULT (getdate()),
  [notes] image NULL
,  CONSTRAINT [PK__TaskNote__63C08841B1E007E6] PRIMARY KEY CLUSTERED ([TaskNoteId] ASC)
);"
dbo.Tasks,"CREATE TABLE [dbo].[Tasks] (

  [TaskID] int IDENTITY(1,1) NOT NULL,
  [personID] int NULL,
  [description] varbinary(MAX) NULL,
  [isEncrypted] bit NOT NULL CONSTRAINT [DF__Tasks__isEncrypt__6F7F8B4B] DEFAULT ((0)),
  [dueDate] datetime NULL,
  [completed] int NOT NULL CONSTRAINT [DF__Tasks__completed__7073AF84] DEFAULT ((0)),
  [iconID] int NOT NULL CONSTRAINT [DF__Tasks__iconID__7167D3BD] DEFAULT ((-1)),
  [orderNum] int NOT NULL CONSTRAINT [DF__Tasks__orderNum__725BF7F6] DEFAULT ((0)),
  [reminder] datetime NULL,
  [taskGroupID] int NOT NULL CONSTRAINT [DF__Tasks__taskGroup__73501C2F] DEFAULT ((1)),
  [progress] int NOT NULL CONSTRAINT [DF__Tasks__progress__74444068] DEFAULT ((0)),
  [priority] int NOT NULL CONSTRAINT [DF__Tasks__priority__753864A1] DEFAULT ((0)),
  [startDate] datetime NULL,
  [Title] varchar(MAX) NOT NULL CONSTRAINT [DF__Tasks__Title__1F8E9120] DEFAULT (''),
  [OverrideColourArgb] int NULL CONSTRAINT [DF__Tasks__OverrideC__2082B559] DEFAULT (NULL),
  [DateEntered] datetime NOT NULL CONSTRAINT [DF__Tasks__DateEnter__2176D992] DEFAULT (getdate()),
  [PrimaryTaskId] int NULL CONSTRAINT [DF__Tasks__PrimaryTa__226AFDCB] DEFAULT (NULL),
  [WhoEntered] int NULL CONSTRAINT [DF__Tasks__WhoEntere__235F2204] DEFAULT (NULL),
  [WhoLastModified] int NULL CONSTRAINT [DF__Tasks__WhoLastMo__2453463D] DEFAULT (NULL),
  [DateLastModified] datetime NULL CONSTRAINT [DF__Tasks__DateLastM__25476A76] DEFAULT (NULL),
  [IsActive] bit NOT NULL CONSTRAINT [DF__Tasks__IsActive__3489AE06] DEFAULT ((1)),
  [IsPrivate] bit NOT NULL CONSTRAINT [DF__Tasks__IsPrivate__37661AB1] DEFAULT ((0)),
  [removefromlist] bit NOT NULL CONSTRAINT [DF__Tasks__removefro__3B36AB95] DEFAULT ((0))
,  CONSTRAINT [PK_Tasks] PRIMARY KEY CLUSTERED ([TaskID] ASC)
);"
dbo.TempFiles,"CREATE TABLE [dbo].[TempFiles] (

  [TempFileId] int IDENTITY(1,1) NOT NULL,
  [UsageCode] char(3) NOT NULL,
  [GroupName] varchar(255) NOT NULL,
  [DateCreated] datetime NOT NULL CONSTRAINT [DF__TempFiles__DateC__6DF800E3] DEFAULT (getdate()),
  [Filename] varchar(MAX) NOT NULL,
  [FileBytes] varbinary(MAX) NULL
,  CONSTRAINT [PK__TempFile__3D772C54572D0FEC] PRIMARY KEY CLUSTERED ([TempFileId] ASC)
);"
dbo.TermsLookup,"CREATE TABLE [dbo].[TermsLookup] (

  [TermLookupID] int IDENTITY(1,1) NOT NULL,
  [Month] int NOT NULL,
  [Day] int NOT NULL,
  [TermName] varchar(100) NOT NULL CONSTRAINT [DF__TermsLook__TermN__759922AB] DEFAULT ('')
,  CONSTRAINT [PK__TermsLoo__1DC5BCC8334F384B] PRIMARY KEY CLUSTERED ([TermLookupID] ASC)
);"
dbo.TestBooking_Cancellation,"CREATE TABLE [dbo].[TestBooking_Cancellation] (

  [CancellationID] int IDENTITY(1,1) NOT NULL,
  [BookingID] int NOT NULL,
  [staffMemberName] nvarchar(200) NULL,
  [doneByStudent] bit NULL,
  [twoDaysBeforeExam] bit NULL,
  [cancellationFees] bit NULL,
  [reasons] nvarchar(MAX) NULL,
  [comments] nvarchar(MAX) NULL
,  CONSTRAINT [PK_TestBooking_Cancellation] PRIMARY KEY CLUSTERED ([CancellationID] ASC)
);"
dbo.TestBooking_Student,"CREATE TABLE [dbo].[TestBooking_Student] (

  [id] int IDENTITY(1,1) NOT NULL,
  [firstName] varbinary(2000) NOT NULL,
  [lastName] varbinary(2000) NOT NULL,
  [email] varbinary(3000) NOT NULL,
  [student_no] varbinary(3000) NULL,
  [phone1] varbinary(3000) NULL,
  [phone2] varbinary(3000) NULL,
  [phoneNotes] varbinary(5000) NULL,
  [address] varbinary(5000) NULL,
  [notes] varbinary(5000) NULL,
  [isExternal] bit NOT NULL,
  [isActive] bit NULL CONSTRAINT [DF_TestBooking_Student_isactive] DEFAULT ((1))
,  CONSTRAINT [PK_TestBooking_Student_1] PRIMARY KEY CLUSTERED ([id] ASC)
);"
dbo.TestBooking_Student_External,"CREATE TABLE [dbo].[TestBooking_Student_External] (

  [studentid] int NOT NULL,
  [institution] varbinary(3000) NOT NULL,
  [passwordHash] varchar(5000) NULL
,  CONSTRAINT [PK_TestBooking_Student_External] PRIMARY KEY CLUSTERED ([studentid] ASC)
);"
dbo.TestBooking_TestRequest,"CREATE TABLE [dbo].[TestBooking_TestRequest] (

  [RequestID] int IDENTITY(1,1) NOT NULL,
  [StudentID] int NOT NULL,
  [CourseCode] nvarchar(50) NULL,
  [ExamCentreCode] nvarchar(50) NULL,
  [ExamDatetime] datetime NULL,
  [ExamName] nvarchar(100) NULL,
  [ExamDuration] float NULL,
  [isBooked] bit NULL CONSTRAINT [DF_TestBooking_TestRequest_isBooked] DEFAULT ((0)),
  [isOnline] bit NULL CONSTRAINT [DF_TestBooking_TestRequest_isOnline] DEFAULT ((0)),
  [instructorName] nvarchar(250) NULL,
  [instructorEmail] nvarchar(250) NULL,
  [instructorPhone] nvarchar(50) NULL
,  CONSTRAINT [PK_TestBooking_TestRequest] PRIMARY KEY CLUSTERED ([RequestID] ASC)
);"
dbo.TestBooking_TestRequest_History,"CREATE TABLE [dbo].[TestBooking_TestRequest_History] (

  [ID] int IDENTITY(1,1) NOT NULL,
  [RequestID] int NOT NULL,
  [StudentID] int NOT NULL,
  [CourseCode] nvarchar(50) NULL,
  [ExamCentreCode] nvarchar(50) NULL,
  [ExamDatetime] datetime NULL,
  [ExamName] nvarchar(100) NULL,
  [ExamDuration] float NULL,
  [isBooked] bit NULL CONSTRAINT [DF_TestBooking_TestRequest_History_isBooked] DEFAULT ((0)),
  [isOnline] bit NULL CONSTRAINT [DF_TestBooking_TestRequest_History_isOnline] DEFAULT ((0)),
  [instructorName] nvarchar(250) NULL,
  [instructorEmail] nvarchar(250) NULL,
  [instructorPhone] nvarchar(50) NULL,
  [PersonID] int NULL
,  CONSTRAINT [PK_TestBooking_TestRequest_History_1] PRIMARY KEY CLUSTERED ([ID] ASC)
);"
dbo.TestBooking_TestRequestBooked,"CREATE TABLE [dbo].[TestBooking_TestRequestBooked] (

  [BookingID] int IDENTITY(1,1) NOT NULL,
  [RequestID] int NOT NULL,
  [BookedDate] datetime NOT NULL CONSTRAINT [DF_TestBooking_TestRequestBooked_BookedDate] DEFAULT (getdate()),
  [RoomAppID] int NULL,
  [InvFirstName] nvarchar(100) NULL,
  [InvLastName] nvarchar(100) NULL,
  [InvEmail] nvarchar(150) NULL,
  [InvPhone] nvarchar(25) NULL,
  [ExamReceivedDate] datetime NULL,
  [SignPosted] nvarchar(10) NULL,
  [notes] nvarchar(MAX) NULL,
  [officeAssistNotes] nvarchar(MAX) NULL,
  [isCancelled] bit NOT NULL CONSTRAINT [DF_TestBooking_TestRequestBooked_isCancelled] DEFAULT ((0)),
  [sCostType] int NULL,
  [courierFees] float NULL,
  [sInvFees] float NULL,
  [adminFees] float NULL,
  [roomFees] float NULL,
  [GST] int NULL,
  [InstInvFees] float NULL,
  [cancelFees] float NULL
,  CONSTRAINT [PK_TestBooking_TestRequestBooked] PRIMARY KEY CLUSTERED ([BookingID] ASC)
);"
dbo.TestsSubmitted,"CREATE TABLE [dbo].[TestsSubmitted] (

  [lucourseid] int NULL CONSTRAINT [DF__TestsSubm__lucou__2DD1C37F] DEFAULT (NULL),
  [whoadded] int NULL CONSTRAINT [DF__TestsSubm__whoad__2EC5E7B8] DEFAULT (NULL),
  [dateadded] datetime NOT NULL CONSTRAINT [DF__TestsSubm__datea__2FBA0BF1] DEFAULT (getdate()),
  [classdatetime] datetime NULL,
  [testfileid] int NULL,
  [testnote] text NOT NULL CONSTRAINT [DF__TestsSubm__testn__30AE302A] DEFAULT ('')
);"
dbo.timetable,"CREATE TABLE [dbo].[timetable] (

  [timetableid] int IDENTITY(1,1) NOT NULL,
  [timetabletype] char(1) NOT NULL CONSTRAINT [DF__timetable__timet__1B13F4C6] DEFAULT ('C'),
  [lucourseid] int NULL CONSTRAINT [DF__timetable__lucou__1C0818FF] DEFAULT (NULL),
  [sunstartminutes] int NULL CONSTRAINT [DF__timetable__sunst__1DF06171] DEFAULT (NULL),
  [sunendminutes] int NULL CONSTRAINT [DF__timetable__sunen__1EE485AA] DEFAULT (NULL),
  [monstartminutes] int NULL CONSTRAINT [DF__timetable__monst__1FD8A9E3] DEFAULT (NULL),
  [monendminutes] int NULL CONSTRAINT [DF__timetable__monen__20CCCE1C] DEFAULT (NULL),
  [tuestartminutes] int NULL CONSTRAINT [DF__timetable__tuest__21C0F255] DEFAULT (NULL),
  [tueendminutes] int NULL CONSTRAINT [DF__timetable__tueen__22B5168E] DEFAULT (NULL),
  [wedstartminutes] int NULL CONSTRAINT [DF__timetable__wedst__23A93AC7] DEFAULT (NULL),
  [wedendminutes] int NULL CONSTRAINT [DF__timetable__weden__249D5F00] DEFAULT (NULL),
  [thustartminutes] int NULL CONSTRAINT [DF__timetable__thust__25918339] DEFAULT (NULL),
  [thuendminutes] int NULL CONSTRAINT [DF__timetable__thuen__2685A772] DEFAULT (NULL),
  [fristartminutes] int NULL CONSTRAINT [DF__timetable__frist__2779CBAB] DEFAULT (NULL),
  [friendminutes] int NULL CONSTRAINT [DF__timetable__frien__286DEFE4] DEFAULT (NULL),
  [satstartminutes] int NULL CONSTRAINT [DF__timetable__satst__2962141D] DEFAULT (NULL),
  [satendminutes] int NULL CONSTRAINT [DF__timetable__saten__2A563856] DEFAULT (NULL),
  [monroom] varchar(8000) NOT NULL CONSTRAINT [DF__timetable__monro__30CE2BBB] DEFAULT (''),
  [tueroom] varchar(8000) NOT NULL CONSTRAINT [DF__timetable__tuero__31C24FF4] DEFAULT (''),
  [wedroom] varchar(8000) NOT NULL CONSTRAINT [DF__timetable__wedro__32B6742D] DEFAULT (''),
  [thuroom] varchar(8000) NOT NULL CONSTRAINT [DF__timetable__thuro__33AA9866] DEFAULT (''),
  [friroom] varchar(8000) NOT NULL CONSTRAINT [DF__timetable__friro__349EBC9F] DEFAULT (''),
  [satroom] varchar(8000) NOT NULL CONSTRAINT [DF__timetable__satro__3592E0D8] DEFAULT (''),
  [sunroom] varchar(8000) NOT NULL CONSTRAINT [DF__timetable__sunro__36870511] DEFAULT ('')
,  CONSTRAINT [PK__timetabl__8AA6715C332EEA96] PRIMARY KEY CLUSTERED ([timetableid] ASC)
);"
dbo.Tokens,"CREATE TABLE [dbo].[Tokens] (

  [tokenid] int IDENTITY(1,1) NOT NULL,
  [tokentype] int NOT NULL CONSTRAINT [DF__Tokens__tokentyp__66A02C87] DEFAULT ((0)),
  [token] varchar(8000) NOT NULL,
  [expires] datetime NOT NULL,
  [personid] int NULL CONSTRAINT [DF__Tokens__personid__679450C0] DEFAULT (NULL),
  [instructorid] int NULL CONSTRAINT [DF__Tokens__instruct__688874F9] DEFAULT (NULL),
  [notetakerid] int NULL CONSTRAINT [DF__Tokens__notetake__697C9932] DEFAULT (NULL),
  [isactive] bit NULL CONSTRAINT [DF__Tokens__isactive__6A70BD6B] DEFAULT ((1)),
  [info] varchar(8000) NOT NULL CONSTRAINT [DF__Tokens__info__7F56CBB8] DEFAULT ('')
,  CONSTRAINT [PK__Tokens__AC17DF2F52E9C274] PRIMARY KEY CLUSTERED ([tokenid] ASC)
);"
dbo.UniqueIds,"CREATE TABLE [dbo].[UniqueIds] (

  [UniqueID] int IDENTITY(1,1) NOT NULL,
  [dateadded] datetime NOT NULL
,  CONSTRAINT [PK_UniqueIds] PRIMARY KEY CLUSTERED ([UniqueID] ASC)
);"
dbo.UpdatingSystem_UpdateStatus,"CREATE TABLE [dbo].[UpdatingSystem_UpdateStatus] (

  [ID] int IDENTITY(1,1) NOT NULL,
  [FileType] varchar(256) NOT NULL,
  [AddSize] int NOT NULL CONSTRAINT [DF_UpdatingSystem_UpdateStatus_AddSize] DEFAULT ((0)),
  [IsPublic] bit NOT NULL CONSTRAINT [DF_UpdatingSystem_UpdateStatus_IsPublic] DEFAULT ((1)),
  [Status] varchar(50) NOT NULL,
  [Filename] varchar(256) NOT NULL CONSTRAINT [DF_UpdatingSystem_UpdateStatus_Filename] DEFAULT ('')
,  CONSTRAINT [PK_UpdatingSystem_UpdateStatus] PRIMARY KEY CLUSTERED ([ID] ASC)
);"
dbo.userinfo,"CREATE TABLE [dbo].[userinfo] (

  [username] varbinary(500) NOT NULL,
  [pass] varbinary(1000) NOT NULL,
  [personid] int NOT NULL,
  [requirepasswordchange] bit NULL CONSTRAINT [DF__userinfo__requir__2B155265] DEFAULT ((0)),
  [lastpasswordchangedate] datetime NULL CONSTRAINT [DF__userinfo__lastpa__2C09769E] DEFAULT (NULL),
  [passwordexpirydate] datetime NULL CONSTRAINT [DF__userinfo__passwo__46735417] DEFAULT (NULL),
  [isencrypted] bit NOT NULL CONSTRAINT [DF__userinfo__isencr__6E022284] DEFAULT ((1))
,  CONSTRAINT [IX_username] PRIMARY KEY NONCLUSTERED ([username] ASC)
);"
dbo.UserInstructor,"CREATE TABLE [dbo].[UserInstructor] (

  [userinstructorid] int IDENTITY(1,1) NOT NULL,
  [instructoremail] varchar(255) NOT NULL,
  [password] varchar(1000) NOT NULL,
  [token] varchar(255) NULL CONSTRAINT [DF__UserInstr__token__61DB776A] DEFAULT (NULL),
  [tokenexpiry] datetime NULL CONSTRAINT [DF__UserInstr__token__62CF9BA3] DEFAULT (NULL),
  [datelastloggedin] datetime NULL CONSTRAINT [DF__UserInstr__datel__63C3BFDC] DEFAULT (getdate())
,  CONSTRAINT [PK__UserInst__804D4490A6F31DED] PRIMARY KEY CLUSTERED ([userinstructorid] ASC)
);"
dbo.UserLogins,"CREATE TABLE [dbo].[UserLogins] (

  [PersonId] int NOT NULL,
  [LoginDate] datetime NOT NULL CONSTRAINT [DF__UserLogin__Login__33C07256] DEFAULT (getdate()),
  [ip] varbinary(MAX) NULL,
  [ClockWorkVersion] varchar(MAX) NOT NULL CONSTRAINT [DF__UserLogin__Clock__34B4968F] DEFAULT (''),
  [NetVersion] varchar(MAX) NOT NULL CONSTRAINT [DF__UserLogin__NetVe__35A8BAC8] DEFAULT ('')
,  CONSTRAINT [PK__UserLogi__AA2FFBE5D78D96A0] PRIMARY KEY CLUSTERED ([PersonId] ASC)
);"
dbo.WaitingList,"CREATE TABLE [dbo].[WaitingList] (

  [WaitingListId] int IDENTITY(1,1) NOT NULL,
  [personid] int NOT NULL,
  [appointmentid] int NOT NULL,
  [dateadded] datetime NOT NULL CONSTRAINT [DF__WaitingLi__datea__66361833] DEFAULT (getdate()),
  [whoadded] int NULL CONSTRAINT [DF__WaitingLi__whoad__672A3C6C] DEFAULT (NULL),
  [apptypeid] int NOT NULL CONSTRAINT [DF__WaitingLi__appty__681E60A5] DEFAULT ((0)),
  [skippedreason] varchar(255) NOT NULL CONSTRAINT [DF__WaitingLi__skipp__691284DE] DEFAULT ('')
,  CONSTRAINT [PK__WaitingL__3003F4D76449A857] PRIMARY KEY CLUSTERED ([WaitingListId] ASC)
);"
dbo.web_counsellingbooking_studentallowedapptypes,"CREATE TABLE [dbo].[web_counsellingbooking_studentallowedapptypes] (

  [counsellorpid] int NOT NULL,
  [personid] int NOT NULL,
  [apptypeid] int NOT NULL
,  CONSTRAINT [PK__web_coun__3827834EDCF30C6F] PRIMARY KEY CLUSTERED ([counsellorpid] ASC,[personid] ASC,[apptypeid] ASC)
);"
dbo.web_counsellingbooking_studentallowedcounsellors,"CREATE TABLE [dbo].[web_counsellingbooking_studentallowedcounsellors] (

  [counsellorpid] int NOT NULL,
  [personid] int NOT NULL,
  [allowed] bit NOT NULL CONSTRAINT [DF__web_couns__allow__1446FBA6] DEFAULT ((1))
,  CONSTRAINT [PK__web_coun__DC6888036599C175] PRIMARY KEY CLUSTERED ([counsellorpid] ASC,[personid] ASC)
);"
dbo.web_counsellingbooking_studentsettings,"CREATE TABLE [dbo].[web_counsellingbooking_studentsettings] (

  [counsellorpid] int NOT NULL,
  [personid] int NOT NULL,
  [Banned] bit NOT NULL CONSTRAINT [DF__web_couns__Banne__0ABD916C] DEFAULT ((0)),
  [AllowedToBookWithAnyCounsellorHadAnAppWith] bit NOT NULL CONSTRAINT [DF__web_couns__Allow__0BB1B5A5] DEFAULT ((1)),
  [AllowedTimeOfDayAvailability] binary(36) NULL,
  [MinMinutesInFutureToBook] int NOT NULL CONSTRAINT [DF__web_couns__MinMi__0CA5D9DE] DEFAULT ((60)),
  [MaxMinutesInFutureToBook] int NOT NULL CONSTRAINT [DF__web_couns__MaxMi__0D99FE17] DEFAULT ((129600)),
  [MaxNumberInFuture] int NOT NULL CONSTRAINT [DF__web_couns__MaxNu__0E8E2250] DEFAULT ((2)),
  [ReceiveAutoConfirmationEmail] bit NOT NULL CONSTRAINT [DF__web_couns__Recei__0F824689] DEFAULT ((1)),
  [ReceiveAutoReminderEmail] bit NOT NULL CONSTRAINT [DF__web_couns__Recei__10766AC2] DEFAULT ((1)),
  [AllowedToEnterNote] bit NOT NULL CONSTRAINT [DF__web_couns__Allow__116A8EFB] DEFAULT ((0))
,  CONSTRAINT [PK__web_coun__DC688803E0EFC424] PRIMARY KEY CLUSTERED ([counsellorpid] ASC,[personid] ASC)
);"
dbo.websettings,"CREATE TABLE [dbo].[websettings] (

  [websettingid] int IDENTITY(1,1) NOT NULL,
  [websettingroupid] int NOT NULL CONSTRAINT [DF__websettin__webse__5441852A] DEFAULT ((0)),
  [websettingcode] int NOT NULL CONSTRAINT [DF__websettin__webse__5535A963] DEFAULT ((0)),
  [settingvalue] int NULL CONSTRAINT [DF__websettin__setti__5629CD9C] DEFAULT (NULL),
  [settingstringvalue] varchar(7000) NOT NULL CONSTRAINT [DF__websettin__setti__571DF1D5] DEFAULT ('')
,  CONSTRAINT [PK__websetti__F2355EB3BA3B662D] PRIMARY KEY CLUSTERED ([websettingid] ASC)
);"
dbo.websettings2,"CREATE TABLE [dbo].[websettings2] (

  [websettingid] int IDENTITY(1,1) NOT NULL,
  [instancename] varchar(255) NOT NULL CONSTRAINT [DF__websettin__insta__164F3FA9] DEFAULT (''),
  [settingcode] int NOT NULL CONSTRAINT [DF__websettin__setti__174363E2] DEFAULT ((0)),
  [settingstringvalue] image NULL,
  [usercomment] text NULL CONSTRAINT [DF__websettin__userc__1837881B] DEFAULT ('')
,  CONSTRAINT [PK__websetti__F2355EB3378E7981] PRIMARY KEY CLUSTERED ([websettingid] ASC)
);"
dbo.WindowsTaskJob,"CREATE TABLE [dbo].[WindowsTaskJob] (

  [WindowsTaskJobID] int IDENTITY(1,1) NOT NULL,
  [TaskGroupId] int NOT NULL CONSTRAINT [DF__WindowsTa__TaskG__2156DE01] DEFAULT ((0)),
  [searchinfoid] int NOT NULL,
  [arguments] text NOT NULL CONSTRAINT [DF__WindowsTa__argum__224B023A] DEFAULT (''),
  [isactive] bit NOT NULL CONSTRAINT [DF__WindowsTa__isact__233F2673] DEFAULT ((1)),
  [lastrunstartdate] datetime NULL CONSTRAINT [DF__WindowsTa__lastr__24334AAC] DEFAULT (NULL),
  [lastrunenddate] datetime NULL CONSTRAINT [DF__WindowsTa__lastr__25276EE5] DEFAULT (NULL),
  [lastrunresult] varchar(MAX) NULL CONSTRAINT [DF__WindowsTa__lastr__261B931E] DEFAULT (NULL),
  [description] varchar(MAX) NOT NULL CONSTRAINT [DF__WindowsTa__descr__270FB757] DEFAULT (''),
  [ordernum] int NOT NULL CONSTRAINT [DF__WindowsTa__order__2803DB90] DEFAULT ((0))
,  CONSTRAINT [PK__WindowsT__E9334282B64D3051] PRIMARY KEY CLUSTERED ([WindowsTaskJobID] ASC)
);"
dbo.WindowsTaskJobResult,"CREATE TABLE [dbo].[WindowsTaskJobResult] (

  [WindowsTaskJobResultId] int IDENTITY(1,1) NOT NULL,
  [WindowsTaskJobId] int NOT NULL,
  [ReportId] int NOT NULL,
  [TaskGroupId] int NOT NULL CONSTRAINT [DF__WindowsTa__TaskG__5D8BC399] DEFAULT ((0)),
  [startdate] datetime NULL CONSTRAINT [DF__WindowsTa__start__5E7FE7D2] DEFAULT (getdate()),
  [enddate] datetime NULL CONSTRAINT [DF__WindowsTa__endda__5F740C0B] DEFAULT (NULL),
  [successful] bit NOT NULL CONSTRAINT [DF__WindowsTa__succe__60683044] DEFAULT ((0)),
  [runresult] varchar(MAX) NOT NULL CONSTRAINT [DF__WindowsTa__runre__615C547D] DEFAULT ('')
,  CONSTRAINT [PK__WindowsT__0023C5120AB7679A] PRIMARY KEY CLUSTERED ([WindowsTaskJobResultId] ASC)
);"
dbo.WindowsTaskJobSetResults,"CREATE TABLE [dbo].[WindowsTaskJobSetResults] (

  [WindowsTaskJobSetResultsID] int IDENTITY(1,1) NOT NULL,
  [TaskGroupId] int NOT NULL CONSTRAINT [DF__WindowsTa__TaskG__2AE0483B] DEFAULT ((0)),
  [runstartdate] datetime NULL CONSTRAINT [DF__WindowsTa__runst__2BD46C74] DEFAULT (getdate()),
  [runenddate] datetime NULL CONSTRAINT [DF__WindowsTa__runen__2CC890AD] DEFAULT (NULL),
  [runresult] varchar(MAX) NULL CONSTRAINT [DF__WindowsTa__runre__2DBCB4E6] DEFAULT (NULL),
  [runcomment] varchar(MAX) NOT NULL CONSTRAINT [DF__WindowsTa__runco__2EB0D91F] DEFAULT ('')
,  CONSTRAINT [PK__WindowsT__E3DC18D938286DB3] PRIMARY KEY CLUSTERED ([WindowsTaskJobSetResultsID] ASC)
);"
dbo.WorkshopFeesPaid,"CREATE TABLE [dbo].[WorkshopFeesPaid] (

  [WorkshopFeesPaidID] int IDENTITY(1,1) NOT NULL,
  [WorkshopID] int NOT NULL,
  [AppointmentID] int NOT NULL,
  [personID] int NOT NULL,
  [amountPaid] int NOT NULL CONSTRAINT [DF__DbaMgr_Tm__amoun__220B0B18] DEFAULT ((0)),
  [datePaid] datetime NOT NULL,
  [whoCollected] int NOT NULL CONSTRAINT [DF__DbaMgr_Tm__whoCo__22FF2F51] DEFAULT ((-1)),
  [howPaid] int NOT NULL CONSTRAINT [DF__DbaMgr_Tm__howPa__23F3538A] DEFAULT ((-1))
,  CONSTRAINT [PK_WorkshopFeesPaid] PRIMARY KEY CLUSTERED ([WorkshopFeesPaidID] ASC)
);"
dbo.Workshops,"CREATE TABLE [dbo].[Workshops] (

  [WorkshopID] int IDENTITY(1,1) NOT NULL,
  [AppTypeID] int NOT NULL CONSTRAINT [DF_Workshops_AppTypeID] DEFAULT ((-1)),
  [workshopTitle] varchar(100) NOT NULL CONSTRAINT [DF_Workshops_workshopTitle] DEFAULT (''),
  [workshopDescription] varchar(1000) NOT NULL CONSTRAINT [DF_Workshops_workshopDescription] DEFAULT (''),
  [MaxAttendees] int NOT NULL CONSTRAINT [DF_Workshops_MaxAttendees] DEFAULT ((1)),
  [WorkshopFee] float NOT NULL CONSTRAINT [DF_Workshops_WorkshopFee] DEFAULT ((0)),
  [personID] int NOT NULL CONSTRAINT [DF_Workshops_personID] DEFAULT ((-1)),
  [personID2] int NOT NULL CONSTRAINT [DF__Workshops__perso__403A8C7D] DEFAULT ((-1)),
  [personID3] int NOT NULL CONSTRAINT [DF__Workshops__perso__412EB0B6] DEFAULT ((-1)),
  [partners] varchar(1200) NOT NULL CONSTRAINT [DF__Workshops__partn__4222D4EF] DEFAULT (''),
  [note] varchar(1200) NOT NULL CONSTRAINT [DF__Workshops__note__4316F928] DEFAULT (''),
  [location] varchar(1200) NOT NULL CONSTRAINT [DF__Workshops__locat__440B1D61] DEFAULT (''),
  [availableForOnlineBooking] bit NOT NULL CONSTRAINT [DF__Workshops__avail__44FF419A] DEFAULT ((0)),
  [waitingListMaxUsers] int NOT NULL CONSTRAINT [DF__Workshops__waiti__45F365D3] DEFAULT ((0)),
  [IsActive] bit NOT NULL CONSTRAINT [DF__Workshops__IsAct__774B959C] DEFAULT ((1))
,  CONSTRAINT [PK_Workshops] PRIMARY KEY CLUSTERED ([WorkshopID] ASC)
);"
dbo.Workshops_purpose,"CREATE TABLE [dbo].[Workshops_purpose] (

  [WorkshopID] int NOT NULL,
  [Workshops_purpose_lookupID] int NOT NULL
,  CONSTRAINT [PK_Workshops_purpose] PRIMARY KEY CLUSTERED ([WorkshopID] ASC,[Workshops_purpose_lookupID] ASC)
);"
dbo.Workshops_purpose_lookup,"CREATE TABLE [dbo].[Workshops_purpose_lookup] (

  [Workshops_purpose_lookupID] int IDENTITY(1,1) NOT NULL,
  [title] varchar(255) NOT NULL CONSTRAINT [DF_Workshops_purpose_lookup_title] DEFAULT (''),
  [description] varchar(255) NOT NULL CONSTRAINT [DF_Workshops_purpose_lookup_description] DEFAULT ('')
,  CONSTRAINT [PK_Workshops_purpose_lookup] PRIMARY KEY CLUSTERED ([Workshops_purpose_lookupID] ASC)
);"
dbo.Workshops_target,"CREATE TABLE [dbo].[Workshops_target] (

  [WorkshopsID] int NOT NULL,
  [Workshops_target_lookupID] int NOT NULL
,  CONSTRAINT [PK_Workshops_target] PRIMARY KEY CLUSTERED ([WorkshopsID] ASC,[Workshops_target_lookupID] ASC)
);"
dbo.Workshops_target_lookup,"CREATE TABLE [dbo].[Workshops_target_lookup] (

  [Workshops_target_lookupID] int IDENTITY(1,1) NOT NULL,
  [title] varchar(255) NOT NULL CONSTRAINT [DF_Workshops_target_lookup_title] DEFAULT (''),
  [description] varchar(255) NOT NULL CONSTRAINT [DF_Workshops_target_lookup_description] DEFAULT ('')
,  CONSTRAINT [PK_Workshops_target_lookup] PRIMARY KEY CLUSTERED ([Workshops_target_lookupID] ASC)
);"
HangFire.AggregatedCounter,"CREATE TABLE [HangFire].[AggregatedCounter] (

  [Id] int IDENTITY(1,1) NOT NULL,
  [Key] nvarchar(100) NOT NULL,
  [Value] bigint NOT NULL,
  [ExpireAt] datetime NULL
,  CONSTRAINT [PK_HangFire_CounterAggregated] PRIMARY KEY CLUSTERED ([Id] ASC)
);"
HangFire.Counter,"CREATE TABLE [HangFire].[Counter] (

  [Id] int IDENTITY(1,1) NOT NULL,
  [Key] nvarchar(100) NOT NULL,
  [Value] smallint NOT NULL,
  [ExpireAt] datetime NULL
,  CONSTRAINT [PK_HangFire_Counter] PRIMARY KEY CLUSTERED ([Id] ASC)
);"
HangFire.Hash,"CREATE TABLE [HangFire].[Hash] (

  [Id] int IDENTITY(1,1) NOT NULL,
  [Key] nvarchar(100) NOT NULL,
  [Field] nvarchar(100) NOT NULL,
  [Value] nvarchar(MAX) NULL,
  [ExpireAt] datetime2(7) NULL
,  CONSTRAINT [PK_HangFire_Hash] PRIMARY KEY CLUSTERED ([Id] ASC)
);"
HangFire.Job,"CREATE TABLE [HangFire].[Job] (

  [Id] int IDENTITY(1,1) NOT NULL,
  [StateId] int NULL,
  [StateName] nvarchar(20) NULL,
  [InvocationData] nvarchar(MAX) NOT NULL,
  [Arguments] nvarchar(MAX) NOT NULL,
  [CreatedAt] datetime NOT NULL,
  [ExpireAt] datetime NULL
,  CONSTRAINT [PK_HangFire_Job] PRIMARY KEY CLUSTERED ([Id] ASC)
);"
HangFire.JobParameter,"CREATE TABLE [HangFire].[JobParameter] (

  [Id] int IDENTITY(1,1) NOT NULL,
  [JobId] int NOT NULL,
  [Name] nvarchar(40) NOT NULL,
  [Value] nvarchar(MAX) NULL
,  CONSTRAINT [PK_HangFire_JobParameter] PRIMARY KEY CLUSTERED ([Id] ASC)
);"
HangFire.JobQueue,"CREATE TABLE [HangFire].[JobQueue] (

  [Id] int IDENTITY(1,1) NOT NULL,
  [JobId] int NOT NULL,
  [Queue] nvarchar(50) NOT NULL,
  [FetchedAt] datetime NULL
,  CONSTRAINT [PK_HangFire_JobQueue] PRIMARY KEY CLUSTERED ([Id] ASC)
);"
HangFire.List,"CREATE TABLE [HangFire].[List] (

  [Id] int IDENTITY(1,1) NOT NULL,
  [Key] nvarchar(100) NOT NULL,
  [Value] nvarchar(MAX) NULL,
  [ExpireAt] datetime NULL
,  CONSTRAINT [PK_HangFire_List] PRIMARY KEY CLUSTERED ([Id] ASC)
);"
HangFire.Schema,"CREATE TABLE [HangFire].[Schema] (

  [Version] int NOT NULL
,  CONSTRAINT [PK_HangFire_Schema] PRIMARY KEY CLUSTERED ([Version] ASC)
);"
HangFire.Server,"CREATE TABLE [HangFire].[Server] (

  [Id] nvarchar(100) NOT NULL,
  [Data] nvarchar(MAX) NULL,
  [LastHeartbeat] datetime NOT NULL
,  CONSTRAINT [PK_HangFire_Server] PRIMARY KEY CLUSTERED ([Id] ASC)
);"
HangFire.Set,"CREATE TABLE [HangFire].[Set] (

  [Id] int IDENTITY(1,1) NOT NULL,
  [Key] nvarchar(100) NOT NULL,
  [Score] float NOT NULL,
  [Value] nvarchar(256) NOT NULL,
  [ExpireAt] datetime NULL
,  CONSTRAINT [PK_HangFire_Set] PRIMARY KEY CLUSTERED ([Id] ASC)
);"
HangFire.State,"CREATE TABLE [HangFire].[State] (

  [Id] int IDENTITY(1,1) NOT NULL,
  [JobId] int NOT NULL,
  [Name] nvarchar(20) NOT NULL,
  [Reason] nvarchar(100) NULL,
  [CreatedAt] datetime NOT NULL,
  [Data] nvarchar(MAX) NULL
,  CONSTRAINT [PK_HangFire_State] PRIMARY KEY CLUSTERED ([Id] ASC)
);"
